{
  "Perplexity": {
    "auc": 0.44028520499108736,
    "threshold": 0.4591836734693878,
    "precision": 0.36585365853658536,
    "recall": 0.8823529411764706,
    "f1_score": 0.5172413793103449,
    "accuracy": 0.44,
    "classification_report": {
      "0": {
        "precision": 0.7777777777777778,
        "recall": 0.21212121212121213,
        "f1-score": 0.3333333333333333,
        "support": 33.0
      },
      "1": {
        "precision": 0.36585365853658536,
        "recall": 0.8823529411764706,
        "f1-score": 0.5172413793103449,
        "support": 17.0
      },
      "accuracy": 0.44,
      "macro avg": {
        "precision": 0.5718157181571816,
        "recall": 0.5472370766488414,
        "f1-score": 0.4252873563218391,
        "support": 50.0
      },
      "weighted avg": {
        "precision": 0.6377235772357723,
        "recall": 0.44,
        "f1-score": 0.3958620689655173,
        "support": 50.0
      }
    }
  }
}