{
  "Token_Confidence": {
    "auc": 0.45098039215686275,
    "threshold": 0.49183673469387756,
    "precision": 0.3333333333333333,
    "recall": 0.6470588235294118,
    "f1_score": 0.44,
    "accuracy": 0.44,
    "classification_report": {
      "0": {
        "precision": 0.6470588235294118,
        "recall": 0.3333333333333333,
        "f1-score": 0.44,
        "support": 33.0
      },
      "1": {
        "precision": 0.3333333333333333,
        "recall": 0.6470588235294118,
        "f1-score": 0.44,
        "support": 17.0
      },
      "accuracy": 0.44,
      "macro avg": {
        "precision": 0.4901960784313726,
        "recall": 0.4901960784313726,
        "f1-score": 0.44,
        "support": 50.0
      },
      "weighted avg": {
        "precision": 0.5403921568627452,
        "recall": 0.44,
        "f1-score": 0.44,
        "support": 50.0
      }
    }
  }
}