{
  "statistics": {
    "truthful": {
      "count": 41,
      "tus": {
        "mean": 0.7580331476723275,
        "std": 0.10676455491378127,
        "median": 0.7699699401855469
      },
      "ntus": {
        "mean": 0.8812427557911386,
        "std": 0.11453862792939017,
        "median": 0.9090850947638413
      },
      "fgas": {
        "mean": 0.08488948170731707,
        "std": 0.020600034691226128,
        "median": 0.0848388671875
      }
    },
    "hallucinated": {
      "count": 9,
      "tus": {
        "mean": 0.7714142269558377,
        "std": 0.13612439149933842,
        "median": 0.8070640563964844
      },
      "ntus": {
        "mean": 0.9100961529576481,
        "std": 0.13506750133213186,
        "median": 0.9854560815116777
      },
      "fgas": {
        "mean": 0.0973782009548611,
        "std": 0.026674855644909526,
        "median": 0.090576171875
      }
    },
    "statistical_tests": {
      "tus_t_test": {
        "t_statistic": -0.316268711403017,
        "p_value": 0.753169838404634
      },
      "ntus_t_test": {
        "t_statistic": -0.6481192325238692,
        "p_value": 0.5199962783883583
      },
      "fgas_t_test": {
        "t_statistic": -1.5235374544588332,
        "p_value": 0.13418614293629544
      }
    },
    "effect_sizes": {
      "tus_cohens_d": -0.11926872454456111,
      "ntus_cohens_d": -0.24409015822297028,
      "fgas_cohens_d": -0.5747024206103447
    }
  },
  "plots": {
    "kde_plot": "experiment_records/rq1_20250623_150153/rq1_kde_distributions.png",
    "box_plot": "experiment_records/rq1_20250623_150153/rq1_boxplots.png",
    "bar_plot": "experiment_records/rq1_20250623_150153/rq1_mean_comparison.png",
    "scatter_plot": "experiment_records/rq1_20250623_150153/rq1_scatter_tus_fgas.png"
  },
  "timestamp": "2025-06-23 15:01:55"
}