{
  "config": {
    "timestamp": "20250713_223401",
    "script": "test_gass_direction.py",
    "model": "meta-llama/Meta-Llama-3-8B-Instruct",
    "total_samples": 6000,
    "candidate_layers": [
      32,
      31,
      30,
      28,
      25,
      20
    ],
    "pytorch_version": "2.6.0+cu124",
    "cuda_version": "12.4",
    "squad_evaluation_added": "20250713_181656",
    "squad_f1_threshold": 0.3
  },
  "analysis_timestamp": "20250713_181657",
  "best_layer": 32,
  "layer_results": {
    "32": {
      "truthful_count": 1018,
      "hallucinated_count": 68,
      "truthful_mean": 0.16934153626462847,
      "truthful_std": 0.07696538052837835,
      "hallucinated_mean": 0.22320747260210705,
      "hallucinated_std": 0.06775690211812944,
      "mean_diff": -0.053865936337478576,
      "direction_accuracy": 0.0,
      "paired_samples": 0,
      "t_statistic": -5.622281770229493,
      "p_value": 2.3962773742987484e-08,
      "cohens_d": -0.7047895616294501,
      "significant": true,
      "advanced_stats": {
        "roc_auc": 0.7165578412111406,
        "auc_interpretation": "良好分类器",
        "mannwhitney_stat": 19621.0,
        "mannwhitney_p": 1.0725357314695078e-09,
        "mannwhitney_significant": true,
        "levene_stat": 11.711738874409283,
        "levene_p": 0.0006442532778465126,
        "variance_equal": false,
        "normality_truthful_p": 1.136700129414646e-11,
        "normality_hallucinated_p": 2.3359877615052337e-07,
        "both_normal": false,
        "cohens_d_ci_lower": -0.9249679849795447,
        "cohens_d_ci_upper": -0.48422993586743196,
        "cohens_d_ci_width": 0.44073804911211273,
        "ci_interpretation": "效应量一般稳定",
        "utility_score": 6,
        "max_utility_score": 8,
        "utility_grade": "B级 - 推荐用于detector"
      }
    },
    "31": {
      "truthful_count": 1018,
      "hallucinated_count": 68,
      "truthful_mean": 0.08454385953453462,
      "truthful_std": 0.026643923923815614,
      "hallucinated_mean": 0.09634283214129659,
      "hallucinated_std": 0.022403489985580376,
      "mean_diff": -0.011798972606761965,
      "direction_accuracy": 0.0,
      "paired_samples": 0,
      "t_statistic": -3.565165107535915,
      "p_value": 0.000379475160347127,
      "cohens_d": -0.44690395072640604,
      "significant": true,
      "advanced_stats": {
        "roc_auc": 0.6559430255402752,
        "auc_interpretation": "一般分类器",
        "mannwhitney_stat": 23817.0,
        "mannwhitney_p": 8.136090047643048e-06,
        "mannwhitney_significant": true,
        "levene_stat": 13.514032971217189,
        "levene_p": 0.0002483855466658491,
        "variance_equal": false,
        "normality_truthful_p": 2.3577057325300497e-10,
        "normality_hallucinated_p": 6.0779361658777155e-09,
        "both_normal": false,
        "cohens_d_ci_lower": -0.6435209283947104,
        "cohens_d_ci_upper": -0.21631193104895746,
        "cohens_d_ci_width": 0.42720899734575296,
        "ci_interpretation": "效应量一般稳定",
        "utility_score": 5,
        "max_utility_score": 8,
        "utility_grade": "B级 - 推荐用于detector"
      }
    },
    "30": {
      "truthful_count": 1018,
      "hallucinated_count": 68,
      "truthful_mean": 0.060152619932074484,
      "truthful_std": 0.019988899066647903,
      "hallucinated_mean": 0.06505293240261215,
      "hallucinated_std": 0.016568214487501898,
      "mean_diff": -0.004900312470537661,
      "direction_accuracy": 0.0,
      "paired_samples": 0,
      "t_statistic": -1.974902734011252,
      "p_value": 0.048532614575158256,
      "cohens_d": -0.24755780150987264,
      "significant": true,
      "advanced_stats": {
        "roc_auc": 0.6124826649716861,
        "auc_interpretation": "一般分类器",
        "mannwhitney_stat": 26825.5,
        "mannwhitney_p": 0.0009376715183737068,
        "mannwhitney_significant": true,
        "levene_stat": 11.160901795553341,
        "levene_p": 0.0008638730019492833,
        "variance_equal": false,
        "normality_truthful_p": 1.559900393745791e-06,
        "normality_hallucinated_p": 6.204066849666011e-09,
        "both_normal": false,
        "cohens_d_ci_lower": -0.44954691775406097,
        "cohens_d_ci_upper": -0.034884971546546954,
        "cohens_d_ci_width": 0.414661946207514,
        "ci_interpretation": "效应量一般稳定",
        "utility_score": 5,
        "max_utility_score": 8,
        "utility_grade": "B级 - 推荐用于detector"
      }
    },
    "28": {
      "truthful_count": 1018,
      "hallucinated_count": 68,
      "truthful_mean": 0.04218469947059028,
      "truthful_std": 0.016016245514502356,
      "hallucinated_mean": 0.04634311825002487,
      "hallucinated_std": 0.013642362476589476,
      "mean_diff": -0.00415841877943459,
      "direction_accuracy": 0.0,
      "paired_samples": 0,
      "t_statistic": -2.0890312569180893,
      "p_value": 0.036937681104607885,
      "cohens_d": -0.2618682497816511,
      "significant": true,
      "advanced_stats": {
        "roc_auc": 0.6245738472206172,
        "auc_interpretation": "一般分类器",
        "mannwhitney_stat": 25988.5,
        "mannwhitney_p": 0.0002870686882429718,
        "mannwhitney_significant": true,
        "levene_stat": 9.669426619674718,
        "levene_p": 0.0019224777912877117,
        "variance_equal": false,
        "normality_truthful_p": 4.4105790085272634e-06,
        "normality_hallucinated_p": 1.0323300405868303e-08,
        "both_normal": false,
        "cohens_d_ci_lower": -0.4705907607385165,
        "cohens_d_ci_upper": -0.03945654607625855,
        "cohens_d_ci_width": 0.431134214662258,
        "ci_interpretation": "效应量一般稳定",
        "utility_score": 5,
        "max_utility_score": 8,
        "utility_grade": "B级 - 推荐用于detector"
      }
    },
    "25": {
      "truthful_count": 1018,
      "hallucinated_count": 68,
      "truthful_mean": 0.03472290650922468,
      "truthful_std": 0.014093214930176826,
      "hallucinated_mean": 0.03732068339549238,
      "hallucinated_std": 0.012532190001279702,
      "mean_diff": -0.002597776886267701,
      "direction_accuracy": 0.0,
      "paired_samples": 0,
      "t_statistic": -1.4800247627899739,
      "p_value": 0.13915719832404239,
      "cohens_d": -0.18553193216606736,
      "significant": false,
      "advanced_stats": {
        "roc_auc": 0.6046313417311915,
        "auc_interpretation": "一般分类器",
        "mannwhitney_stat": 27369.0,
        "mannwhitney_p": 0.001912459118748009,
        "mannwhitney_significant": true,
        "levene_stat": 5.4344363026494165,
        "levene_p": 0.019926061025704836,
        "variance_equal": false,
        "normality_truthful_p": 5.59198847767641e-07,
        "normality_hallucinated_p": 1.6153309586277055e-07,
        "both_normal": false,
        "cohens_d_ci_lower": -0.412667684159852,
        "cohens_d_ci_upper": 0.03932473876089258,
        "cohens_d_ci_width": 0.4519924229207446,
        "ci_interpretation": "效应量一般稳定",
        "utility_score": 5,
        "max_utility_score": 8,
        "utility_grade": "B级 - 推荐用于detector"
      }
    },
    "20": {
      "truthful_count": 1018,
      "hallucinated_count": 68,
      "truthful_mean": 0.019238252470608244,
      "truthful_std": 0.01221902318637144,
      "hallucinated_mean": 0.02567709707413704,
      "hallucinated_std": 0.010988401880664182,
      "mean_diff": -0.0064388446035287955,
      "direction_accuracy": 0.0,
      "paired_samples": 0,
      "t_statistic": -4.228644211466901,
      "p_value": 2.549304506890813e-05,
      "cohens_d": -0.5300954319698916,
      "significant": true,
      "advanced_stats": {
        "roc_auc": 0.679504218190223,
        "auc_interpretation": "一般分类器",
        "mannwhitney_stat": 22186.0,
        "mannwhitney_p": 3.472952381805788e-07,
        "mannwhitney_significant": true,
        "levene_stat": 4.762456083715188,
        "levene_p": 0.029301115292670467,
        "variance_equal": false,
        "normality_truthful_p": 1.4944143820639526e-12,