{
  "timestamp": "2025-07-07T11:58:03.951331",
  "model_name": "meta-llama/Meta-Llama-3.1-8B-Instruct",
  "num_samples": 5,
  "variants": {
    "original": {
      "name": "original",
      "description": "Original GASS implementation",
      "correct_scores": [
        0.14420585632324218,
        0.1369304656982422,
        0.0923919677734375
      ],
      "hallucination_scores": [
        0.17794596354166667,
        0.20680745442708334
      ],
      "statistics": {
        "correct_mean": 0.12450942993164062,
        "correct_std": 0.022903876801381486,
        "hallucination_mean": 0.192376708984375,
        "hallucination_std": 0.014430745442708337,
        "difference": -0.06786727905273439,
        "is_fixed": 