{
  "config": {
    "timestamp": "20250713_223401",
    "script": "test_gass_direction.py",
    "model": "meta-llama/Meta-Llama-3-8B-Instruct",
    "total_samples": 6000,
    "candidate_layers": [
      32,
      31,
      30,
      28,
      25,
      20
    ],
    "pytorch_version": "2.6.0+cu124",
    "cuda_version": "12.4",
    "squad_evaluation_added": "20250713_184844",
    "squad_f1_threshold": 0.3
  },
  "analysis_timestamp": "20250713_184845",
  "best_layer": 32,
  "layer_results": {
    "32": {
      "truthful_count": 1836,
      "hallucinated_count": 79,
      "truthful_mean": 0.16988933742890883,
      "truthful_std": 0.07238821538546854,
      "hallucinated_mean": 0.2230504897371242,
      "hallucinated_std": 0.06351504664756188,
      "mean_diff": -0.05316115230821539,
      "direction_accuracy": 0.0,
      "paired_samples": 0,
      "t_statistic": -6.418543149580586,
      "p_value": 1.730281243091184e-10,
      "cohens_d": -0.7378595096690816,
      "significant": true,
      "advanced_stats": {
        "roc_auc": 0.7317710487851963,
        "auc_interpretation": "良好分类器",
        "mannwhitney_stat": 38905.0,
        "mannwhitney_p": 1.4191445187425628e-12,
        "mannwhitney_significant": true,
        "levene_stat": 11.849903560349805,
        "levene_p": 0.0005890497838508497,
        "variance_equal": false,
        "normality_truthful_p": 3.474754352465461e-17,
        "normality_hallucinated_p": 4.1703425637328394e-08,
        "both_normal": false,
        "cohens_d_ci_lower": -0.9389224046374974,
        "cohens_d_ci_upper": -0.524367811812345,
        "cohens_d_ci_width": 0.4145545928251524,
        "ci_interpretation": "效应量一般稳定",
        "utility_score": 6,
        "max_utility_score": 8,
        "utility_grade": "B级 - 推荐用于detector"
      }
    },
    "31": {
      "truthful_count": 1836,
      "hallucinated_count": 79,
      "truthful_mean": 0.08423701202540662,
      "truthful_std": 0.025146906463727553,
      "hallucinated_mean": 0.09651669975716973,
      "hallucinated_std": 0.02100772493253113,
      "mean_diff": -0.012279687731763106,
      "direction_accuracy": 0.0,
      "paired_samples": 0,
      "t_statistic": -4.274296412390608,
      "p_value": 2.0117116962595263e-05,
      "cohens_d": -0.4913536510270633,
      "significant": true,
      "advanced_stats": {
        "roc_auc": 0.6733784230991975,
        "auc_interpretation": "一般分类器",
        "mannwhitney_stat": 47374.5,
        "mannwhitney_p": 8.683494767955266e-08,
        "mannwhitney_significant": true,
        "levene_stat": 15.59019382093353,
        "levene_p": 8.150941958772534e-05,
        "variance_equal": false,
        "normality_truthful_p": 5.709512386981226e-16,
        "normality_hallucinated_p": 7.296564660171944e-10,
        "both_normal": false,
        "cohens_d_ci_lower": -0.6623506199954179,
        "cohens_d_ci_upper": -0.2964712666383372,
        "cohens_d_ci_width": 0.36587935335708066,
        "ci_interpretation": "效应量较稳定",
        "utility_score": 6,
        "max_utility_score": 8,
        "utility_grade": "B级 - 推荐用于detector"
      }
    },
    "30": {
      "truthful_count": 1836,
      "hallucinated_count": 79,
      "truthful_mean": 0.05831252725937647,
      "truthful_std": 0.018983636330838684,
      "hallucinated_mean": 0.06480883172937692,
      "hallucinated_std": 0.015777606326246724,
      "mean_diff": -0.00649630447000045,
      "direction_accuracy": 0.0,
      "paired_samples": 0,
      "t_statistic": -2.995805504009723,
      "p_value": 0.0027723814115766165,
      "cohens_d": -0.3443835536191544,
      "significant": true,
      "advanced_stats": {
        "roc_auc": 0.6416087532059238,
        "auc_interpretation": "一般分类器",
        "mannwhitney_stat": 51982.5,
        "mannwhitney_p": 9.862584017114605e-06,
        "mannwhitney_significant": true,
        "levene_stat": 13.763767498734321,
        "levene_p": 0.00021321257285686874,
        "variance_equal": false,
        "normality_truthful_p": 1.1543674026527453e-07,
        "normality_hallucinated_p": 3.131749749890217e-09,
        "both_normal": false,
        "cohens_d_ci_lower": -0.5268615446631512,
        "cohens_d_ci_upper": -0.1418790036930792,
        "cohens_d_ci_width": 0.38498254097007195,
        "ci_interpretation": "效应量较稳定",
        "utility_score": 6,
        "max_utility_score": 8,
        "utility_grade": "B级 - 推荐用于detector"
      }
    },
    "28": {
      "truthful_count": 1836,
      "hallucinated_count": 79,
      "truthful_mean": 0.03977818461639291,
      "truthful_std": 0.01555461897150265,
      "hallucinated_mean": 0.04597188744111258,
      "hallucinated_std": 0.01317525198273674,
      "mean_diff": -0.00619370282471967,
      "direction_accuracy": 0.0,
      "paired_samples": 0,
      "t_statistic": -3.483978168771452,
      "p_value": 0.0005051392936012937,
      "cohens_d": -0.4005041901083323,
      "significant": true,
      "advanced_stats": {
        "roc_auc": 0.6625334381291195,
        "auc_interpretation": "一般分类器",
        "mannwhitney_stat": 48947.5,
        "mannwhitney_p": 4.824884448984953e-07,
        "mannwhitney_significant": true,
        "levene_stat": 12.548336597088497,
        "levene_p": 0.0004060613423759351,
        "variance_equal": false,
        "normality_truthful_p": 3.7413391551677103e-07,
        "normality_hallucinated_p": 1.2511653455602752e-08,
        "both_normal": false,
        "cohens_d_ci_lower": -0.5816082672390303,
        "cohens_d_ci_upper": -0.1897790887579427,
        "cohens_d_ci_width": 0.39182917848108756,
        "ci_interpretation": "效应量较稳定",
        "utility_score": 6,
        "max_utility_score": 8,
        "utility_grade": "B级 - 推荐用于detector"
      }
    },
    "25": {
      "truthful_count": 1836,
      "hallucinated_count": 79,
      "truthful_mean": 0.031374341428774086,
      "truthful_std": 0.014341585995684226,
      "hallucinated_mean": 0.0368013879926955,
      "hallucinated_std": 0.01220836618594222,
      "mean_diff": -0.005427046563921414,
      "direction_accuracy": 0.0,
      "paired_samples": 0,
      "t_statistic": -3.3104404650689654,
      "p_value": 0.000948808108127371,
      "cohens_d": -0.38055566008483294,
      "significant": true,
      "advanced_stats": {
        "roc_auc": 0.6545393122087091,
        "auc_interpretation": "一般分类器",
        "mannwhitney_stat": 50107.0,
        "mannwhitney_p": 1.598746837715909e-06,
        "mannwhitney_significant": true,
        "levene_stat": 9.303369249447297,
        "levene_p": 0.0023187243000794425,
        "variance_equal": false,
        "normality_truthful_p": 3.665868413773469e-10,
        "normality_hallucinated_p": 1.803660322695381e-07,
        "both_normal": false,
        "cohens_d_ci_lower": -0.5619310425109606,
        "cohens_d_ci_upper": -0.17089736743770015,
        "cohens_d_ci_width": 0.3910336750732605,
        "ci_interpretation": "效应量较稳定",
        "utility_score": 6,
        "max_utility_score": 8,
        "utility_grade": "B级 - 推荐用于detector"
      }
    },
    "20": {
      "truthful_count": 1836,
      "hallucinated_count": 79,
      "truthful_mean": 0.017701206124367385,
      "truthful_std": 0.011971584481051376,
      "hallucinated_mean": 0.025204282571003985,
      "hallucinated_std": 0.010925897175297024,
      "mean_diff": -0.0075030764466366,
      "direction_accuracy": 0.0,
      "paired_samples": 0,
      "t_statistic": -5.470513385802632,
      "p_value": 5.0771621194501755e-08,
      "cohens_d": -0.6288860699321916,
      "significant": true,
      "advanced_stats": {
        "roc_auc": 0.6989258431924106,
        "auc_interpretation": "一般分类器",
        "mannwhitney_stat": 43669.0,
        "mannwhitney_p": 1.002307602826257e-09,
        "mannwhitney_significant": true,
        "levene_stat": 3.20660239692433,
        "levene_p": 0.07349969684894966,
        "variance_equal": true,
        "normality_truthful_p": 7.740698723746205e-20,