{
  "evaluation_method": "SQuAD",
  "has_prd_variants": false,
  "truthful": {
    "count": 2654,
    "prd": {
      "mean": 0.7370699770305061,
      "std": 0.03241524989348328,
      "median": 0.7380142211914062
    },
    "gass": {
      "mean": 0.3640503199278997,
      "std": 0.03983518222385599,
      "median": 0.3602568465802405
    }
  },
  "hallucinated": {
    "count": 346,
    "prd": {
      "mean": 0.7325545594182318,
      "std": 0.03571120191521005,
      "median": 0.7328758239746094
    },
    "gass": {
      "mean": 0.3537198408358724,
      "std": 0.047931910596781986,
      "median": 0.35363687657647663
    }
  },
  "statistical_tests": {
    "prd_t_test": {
      "t_statistic": 2.4068255685444826,
      "p_value": 0.016151961530796736
    },
    "gass_t_test": {
      "t_statistic": 4.422840745959398,
      "p_value": 1.0087768230304792e-05
    }
  },
  "effect_sizes": {
    "prd_cohens_d": 0.137567781994303,
    "gass_cohens_d": 0.25279787596058106
  }
}