{
  "BERTScore_vs_Question": {
    "auc": 0.6366079817324807,
    "threshold": 0.4872399767342909,
    "precision": 0.18197278911564627,
    "recall": 0.5544041450777202,
    "f1_score": 0.2740076824583867,
    "accuracy": 0.622,
    "classification_report": {
      "0": {
        "precision": 0.9057017543859649,
        "recall": 0.631981637337414,
        "f1-score": 0.7444794952681388,
        "support": 1307.0
      },
      "1": {
        "precision": 0.18197278911564627,
        "recall": 0.5544041450777202,
        "f1-score": 0.2740076824583867,
        "support": 193.0
      },
      "accuracy": 0.622,
      "macro avg": {
        "precision": 0.5438372717508055,
        "recall": 0.593192891207567,
        "f1-score": 0.5092435888632627,
        "support": 1500.0
      },
      "weighted avg": {
        "precision": 0.8125819608545173,
        "recall": 0.6220000000000001,
        "f1-score": 0.683945455353284,
        "support": 1500.0
      }
    }
  }
}