{
  "Embedding_Based_Semantic_Divergence": {
    "auc": 0.6914501825562634,
    "threshold": 0.47480114614093866,
    "precision": 0.19142419601837674,
    "recall": 0.6476683937823834,
    "f1_score": 0.29550827423167847,
    "accuracy": 0.6026666666666667,
    "classification_report": {
      "0": {
        "precision": 0.9197166469893743,
        "recall": 0.5960214231063504,
        "f1-score": 0.72330547818013,
        "support": 1307.0
      },
      "1": {
        "precision": 0.19142419601837674,
        "recall": 0.6476683937823834,
        "f1-score": 0.29550827423167847,
        "support": 193.0
      },
      "accuracy": 0.6026666666666667,
      "macro avg": {
        "precision": 0.5555704215038755,
        "recall": 0.6218449084443669,
        "f1-score": 0.5094068762059043,
        "support": 1500.0
      },
      "weighted avg": {
        "precision": 0.8260096849644392,
        "recall": 0.6026666666666667,
        "f1-score": 0.6682622379387626,
        "support": 1500.0
      }
    }
  }
}