{
  "Entity_Question_Overlap": {
    "auc": 0.49438257925637563,
    "threshold": 0.5404325850127913,
    "precision": 0.0,
    "recall": 0.0,
    "f1_score": 0.0,
    "accuracy": 0.868,
    "classification_report": {
      "0": {
        "precision": 0.8709030100334448,
        "recall": 0.9961744452945677,
        "f1-score": 0.9293361884368309,
        "support": 1307.0
      },
      "1": {
        "precision": 0.0,
        "recall": 0.0,
        "f1-score": 0.0,
        "support": 193.0
      },
      "accuracy": 0.868,
      "macro avg": {
        "precision": 0.4354515050167224,
        "recall": 0.49808722264728383,
        "f1-score": 0.46466809421841543,
        "support": 1500.0
      },
      "weighted avg": {
        "precision": 0.758846822742475,
        "recall": 0.868,
        "f1-score": 0.8097615988579587,
        "support": 1500.0
      }
    }
  }
}