{
  "Max_Token_Probability": {
    "auc": 0.4998513385477164,
    "threshold": 0.5048846911647616,
    "precision": 0.1321928460342146,
    "recall": 0.44041450777202074,
    "f1_score": 0.20334928229665072,
    "accuracy": 0.556,
    "classification_report": {
      "0": {
        "precision": 0.8739789964994166,
        "recall": 0.5730680948737567,
        "f1-score": 0.6922365988909427,
        "support": 1307.0
      },
      "1": {
        "precision": 0.1321928460342146,
        "recall": 0.44041450777202074,
        "f1-score": 0.20334928229665072,
        "support": 193.0
      },
      "accuracy": 0.556,
      "macro avg": {
        "precision": 0.5030859212668156,
        "recall": 0.5067413013228887,
        "f1-score": 0.4477929405937967,
        "support": 1500.0
      },
      "weighted avg": {
        "precision": 0.7785358451395605,
        "recall": 0.5559999999999999,
        "f1-score": 0.6293330974891438,
        "support": 1500.0
      }
    }
  }
}