{
  "NLI_based_Contradiction_Detection": {
    "auc": 0.5741007964289537,
    "threshold": 0.4366974626936917,
    "precision": 0.15115207373271888,
    "recall": 0.8497409326424871,
    "f1_score": 0.2566510172143975,
    "accuracy": 0.36666666666666664,
    "classification_report": {
      "0": {
        "precision": 0.9301204819277108,
        "recall": 0.2953328232593726,
        "f1-score": 0.44831591173054586,
        "support": 1307.0
      },
      "1": {
        "precision": 0.15115207373271888,
        "recall": 0.8497409326424871,
        "f1-score": 0.2566510172143975,
        "support": 193.0
      },
      "accuracy": 0.36666666666666664,
      "macro avg": {
        "precision": 0.5406362778302148,
        "recall": 0.5725368779509299,
        "f1-score": 0.3524834644724717,
        "support": 1500.0
      },
      "weighted avg": {
        "precision": 0.8298932134066219,
        "recall": 0.36666666666666664,
        "f1-score": 0.42365502863613475,
        "support": 1500.0
      }
    }
  }
}