{
  "Perplexity": {
    "auc": 0.45775357935067557,
    "threshold": 0.3759399529497702,
    "precision": 0.14835164835164835,
    "recall": 0.9310344827586207,
    "f1_score": 0.2559241706161137,
    "accuracy": 0.215,
    "classification_report": {
      "0": {
        "precision": 0.8888888888888888,
        "recall": 0.0935672514619883,
        "f1-score": 0.1693121693121693,
        "support": 171.0
      },
      "1": {
        "precision": 0.14835164835164835,
        "recall": 0.9310344827586207,
        "f1-score": 0.2559241706161137,
        "support": 29.0
      },
      "accuracy": 0.215,
      "macro avg": {
        "precision": 0.5186202686202686,
        "recall": 0.5123008671103044,
        "f1-score": 0.2126181699641415,
        "support": 200.0
      },
      "weighted avg": {
        "precision": 0.781510989010989,
        "recall": 0.215,
        "f1-score": 0.18187090950124124,
        "support": 200.0
      }
    }
  }
}