{
  "Token_Confidence": {
    "auc": 0.5019682776282354,
    "threshold": 0.5205810238206949,
    "precision": 0.13247172859450726,
    "recall": 0.42487046632124353,
    "f1_score": 0.2019704433497537,
    "accuracy": 0.568,
    "classification_report": {
      "0": {
        "precision": 0.8740068104426788,
        "recall": 0.5891354246365723,
        "f1-score": 0.7038391224862889,
        "support": 1307.0
      },
      "1": {
        "precision": 0.13247172859450726,
        "recall": 0.42487046632124353,
        "f1-score": 0.2019704433497537,
        "support": 193.0
      },
      "accuracy": 0.568,
      "macro avg": {
        "precision": 0.503239269518593,
        "recall": 0.5070029454789079,
        "f1-score": 0.4529047829180213,
        "support": 1500.0
      },
      "weighted avg": {
        "precision": 0.7785959632448808,
        "recall": 0.568,
        "f1-score": 0.639265352437388,
        "support": 1500.0
      }
    }
  }
}