{
  "config": {
    "timestamp": "20250713_223401",
    "script": "test_gass_direction.py",
    "model": "meta-llama/Meta-Llama-3-8B-Instruct",
    "total_samples": 6000,
    "candidate_layers": [
      32,
      31,
      30,
      28,
      25,
      20
    ],
    "pytorch_version": "2.6.0+cu124",
    "cuda_version": "12.4",
    "squad_evaluation_added": "20250713_182444",
    "squad_f1_threshold": 0.3
  },
  "analysis_timestamp": "20250713_182445",
  "best_layer": 32,
  "layer_results": {
    "32": {
      "truthful_count": 1229,
      "hallucinated_count": 74,
      "truthful_mean": 0.1683237580986004,
      "truthful_std": 0.07727290073749998,
      "hallucinated_mean": 0.22347018979979938,
      "hallucinated_std": 0.06524700914325059,
      "mean_diff": -0.055146431701198984,
      "direction_accuracy": 0.0,
      "paired_samples": 0,
      "t_statistic": -6.006828250222891,
      "p_value": 2.451583512471637e-09,
      "cohens_d": -0.7194755073690382,
      "significant": true,
      "advanced_stats": {
        "roc_auc": 0.7207023948276999,
        "auc_interpretation": "良好分类器",
        "mannwhitney_stat": 25401.0,
        "mannwhitney_p": 8.582779031404716e-11,
        "mannwhitney_significant": true,
        "levene_stat": 16.02156195834841,
        "levene_p": 6.61605939354026e-05,
        "variance_equal": false,
        "normality_truthful_p": 7.742802007108813e-14,
        "normality_hallucinated_p": 7.193877742375428e-08,
        "both_normal": false,
        "cohens_d_ci_lower": -0.9205906172496369,
        "cohens_d_ci_upper": -0.5195698424999713,
        "cohens_d_ci_width": 0.4010207747496656,
        "ci_interpretation": "效应量一般稳定",
        "utility_score": 6,
        "max_utility_score": 8,
        "utility_grade": "B级 - 推荐用于detector"
      }
    },
    "31": {
      "truthful_count": 1229,
      "hallucinated_count": 74,
      "truthful_mean": 0.08389770778669105,
      "truthful_std": 0.026871959394744606,
      "hallucinated_mean": 0.09659293144535788,
      "hallucinated_std": 0.02154054141138195,
      "mean_diff": -0.012695223658666835,
      "direction_accuracy": 0.0,
      "paired_samples": 0,
      "t_statistic": -3.984560520799936,
      "p_value": 7.135515794048084e-05,
      "cohens_d": -0.477243939160502,
      "significant": true,
      "advanced_stats": {
        "roc_auc": 0.6619202603742881,
        "auc_interpretation": "一般分类器",
        "mannwhitney_stat": 30747.0,
        "mannwhitney_p": 1.4056682452867508e-06,
        "mannwhitney_significant": true,
        "levene_stat": 18.918228182964956,
        "levene_p": 1.470986524482615e-05,
        "variance_equal": false,
        "normality_truthful_p": 1.5755427639480057e-12,
        "normality_hallucinated_p": 1.1124923847190755e-09,
        "both_normal": false,
        "cohens_d_ci_lower": -0.6542270359541372,
        "cohens_d_ci_upper": -0.26346746960820006,
        "cohens_d_ci_width": 0.39075956634593717,
        "ci_interpretation": "效应量较稳定",
        "utility_score": 6,
        "max_utility_score": 8,
        "utility_grade": "B级 - 推荐用于detector"
      }
    },
    "30": {
      "truthful_count": 1229,
      "hallucinated_count": 74,
      "truthful_mean": 0.05954979418894667,
      "truthful_std": 0.020035973573541362,
      "hallucinated_mean": 0.06527320433128429,
      "hallucinated_std": 0.015980929906739837,
      "mean_diff": -0.005723410142337626,
      "direction_accuracy": 0.0,
      "paired_samples": 0,
      "t_statistic": -2.4097062643359553,
      "p_value": 0.01610348580370105,
      "cohens_d": -0.28861780382257585,
      "significant": true,
      "advanced_stats": {
        "roc_auc": 0.6215006707276846,
        "auc_interpretation": "一般分类器",
        "mannwhitney_stat": 34423.0,
        "mannwhitney_p": 0.000220028764434973,
        "mannwhitney_significant": true,
        "levene_stat": 14.737319323800527,
        "levene_p": 0.0001295137198181782,
        "variance_equal": false,
        "normality_truthful_p": 1.5965708307554784e-07,
        "normality_hallucinated_p": 1.5556506696599733e-09,
        "both_normal": false,
        "cohens_d_ci_lower": -0.47818400472042466,
        "cohens_d_ci_upper": -0.10354795924948228,
        "cohens_d_ci_width": 0.37463604547094237,
        "ci_interpretation": "效应量较稳定",
        "utility_score": 6,
        "max_utility_score": 8,
        "utility_grade": "B级 - 推荐用于detector"
      }
    },
    "28": {
      "truthful_count": 1229,
      "hallucinated_count": 74,
      "truthful_mean": 0.04157862908448049,
      "truthful_std": 0.016018651000899244,
      "hallucinated_mean": 0.046303862865100964,
      "hallucinated_std": 0.013302109177300828,
      "mean_diff": -0.004725233780620473,
      "direction_accuracy": 0.0,
      "paired_samples": 0,
      "t_statistic": -2.484537877464637,
      "p_value": 0.013096966102240025,
      "cohens_d": -0.29758623822071195,
      "significant": true,
      "advanced_stats": {
        "roc_auc": 0.6327106194884877,
        "auc_interpretation": "一般分类器",
        "mannwhitney_stat": 33403.5,
        "mannwhitney_p": 6.173848845726343e-05,
        "mannwhitney_significant": true,
        "levene_stat": 11.579095767494419,
        "levene_p": 0.0006872389958949674,
        "variance_equal": false,
        "normality_truthful_p": 1.8300787702443685e-06,
        "normality_hallucinated_p": 7.874459979860858e-09,
        "both_normal": false,
        "cohens_d_ci_lower": -0.4965141877429114,
        "cohens_d_ci_upper": -0.10172677215581571,
        "cohens_d_ci_width": 0.3947874155870957,
        "ci_interpretation": "效应量较稳定",
        "utility_score": 6,
        "max_utility_score": 8,
        "utility_grade": "B级 - 推荐用于detector"
      }
    },
    "25": {
      "truthful_count": 1229,
      "hallucinated_count": 74,
      "truthful_mean": 0.03410385333915677,
      "truthful_std": 0.014064972385540718,
      "hallucinated_mean": 0.037289391859973264,
      "hallucinated_std": 0.012214278223939149,
      "mean_diff": -0.0031855385208164957,
      "direction_accuracy": 0.0,
      "paired_samples": 0,
      "t_statistic": -1.904071499997735,
      "p_value": 0.05712130159731805,
      "cohens_d": -0.2280658885250062,
      "significant": false,
      "advanced_stats": {
        "roc_auc": 0.6165966617553273,
        "auc_interpretation": "一般分类器",
        "mannwhitney_stat": 34869.0,
        "mannwhitney_p": 0.00037184343057180646,
        "mannwhitney_significant": true,
        "levene_stat": 6.9860490644910955,
        "levene_p": 0.00831341470592994,
        "variance_equal": false,
        "normality_truthful_p": 1.5904598939869904e-07,
        "normality_hallucinated_p": 7.409195901556908e-08,
        "both_normal": false,
        "cohens_d_ci_lower": -0.4291535138270442,
        "cohens_d_ci_upper": -0.017564399167568467,
        "cohens_d_ci_width": 0.41158911465947573,
        "ci_interpretation": "效应量一般稳定",
        "utility_score": 5,
        "max_utility_score": 8,
        "utility_grade": "B级 - 推荐用于detector"
      }
    },
    "20": {
      "truthful_count": 1229,
      "hallucinated_count": 74,
      "truthful_mean": 0.018935160953854047,
      "truthful_std": 0.012109245081012979,
      "hallucinated_mean": 0.02578177087147593,
      "hallucinated_std": 0.01090094611511118,
      "mean_diff": -0.006846609917621881,
      "direction_accuracy": 0.0,
      "paired_samples": 0,
      "t_statistic": -4.745648204512218,
      "p_value": 2.308021620449602e-06,
      "cohens_d": -0.5684354449462521,
      "significant": true,
      "advanced_stats": {
        "roc_auc": 0.688661403470191,
        "auc_interpretation": "一般分类器",
        "mannwhitney_stat": 28315.0,
        "mannwhitney_p": 2.3966442001252318e-08,
        "mannwhitney_significant": true,
        "levene_stat": 4.175300738048083,
        "levene_p": 0.04121838681498949,
        "variance_equal": false,
        "normality_truthful_p": 3.531892780874872e-14,