{
  "Entity_Question_Overlap": {
    "auc": 0.5454545454545454,
    "threshold": 0.5,
    "precision": 0.0,
    "recall": 0.0,
    "f1_score": 0.0,
    "accuracy": 0.64,
    "classification_report": {
      "0": {
        "precision": 0.6530612244897959,
        "recall": 0.9696969696969697,
        "f1-score": 0.7804878048780488,
        "support": 33.0
      },
      "1": {
        "precision": 0.0,
        "recall": 0.0,
        "f1-score": 0.0,
        "support": 17.0
      },
      "accuracy": 0.64,
      "macro avg": {
        "precision": 0.32653061224489793,
        "recall": 0.48484848484848486,
        "f1-score": 0.3902439024390244,
        "support": 50.0
      },
      "weighted avg": {
        "precision": 0.4310204081632653,
        "recall": 0.64,
        "f1-score": 0.5151219512195122,
        "support": 50.0
      }
    }
  }
}