{
  "Max_Token_Probability": {
    "auc": 0.3226381461675579,
    "threshold": 0.5081632653061224,
    "precision": 0.0625,
    "recall": 0.058823529411764705,
    "f1_score": 0.06060606060606061,
    "accuracy": 0.38,
    "classification_report": {
      "0": {
        "precision": 0.5294117647058824,
        "recall": 0.5454545454545454,
        "f1-score": 0.5373134328358209,
        "support": 33.0
      },
      "1": {
        "precision": 0.0625,
        "recall": 0.058823529411764705,
        "f1-score": 0.06060606060606061,
        "support": 17.0
      },
      "accuracy": 0.38,
      "macro avg": {
        "precision": 0.2959558823529412,
        "recall": 0.30213903743315507,
        "f1-score": 0.2989597467209407,
        "support": 50.0
      },
      "weighted avg": {
        "precision": 0.3706617647058824,
        "recall": 0.38,
        "f1-score": 0.3752329262777024,
        "support": 50.0
      }
    }
  }
}