{
  "Max_Token_Probability": {
    "auc": 0.32174688057041,
    "threshold": 0.49183673469387756,
    "precision": 0.18181818181818182,
    "recall": 0.23529411764705882,
    "f1_score": 0.20512820512820512,
    "accuracy": 0.38,
    "classification_report": {
      "0": {
        "precision": 0.5357142857142857,
        "recall": 0.45454545454545453,
        "f1-score": 0.4918032786885246,
        "support": 33.0
      },
      "1": {
        "precision": 0.18181818181818182,
        "recall": 0.23529411764705882,
        "f1-score": 0.20512820512820512,
        "support": 17.0
      },
      "accuracy": 0.38,
      "macro avg": {
        "precision": 0.35876623376623373,
        "recall": 0.3449197860962567,
        "f1-score": 0.3484657419083649,
        "support": 50.0
      },
      "weighted avg": {
        "precision": 0.41538961038961036,
        "recall": 0.38,
        "f1-score": 0.39433375367801604,
        "support": 50.0
      }
    }
  }
}