{
  "NLI_based_Contradiction_Detection": {
    "auc": 0.5383244206773619,
    "threshold": 0.42653061224489797,
    "precision": 0.32653061224489793,
    "recall": 0.9411764705882353,
    "f1_score": 0.48484848484848486,
    "accuracy": 0.32,
    "classification_report": {
      "0": {
        "precision": 0.0,
        "recall": 0.0,
        "f1-score": 0.0,
        "support": 33.0
      },
      "1": {
        "precision": 0.32653061224489793,
        "recall": 0.9411764705882353,
        "f1-score": 0.48484848484848486,
        "support": 17.0
      },
      "accuracy": 0.32,
      "macro avg": {
        "precision": 0.16326530612244897,
        "recall": 0.47058823529411764,
        "f1-score": 0.24242424242424243,
        "support": 50.0
      },
      "weighted avg": {
        "precision": 0.1110204081632653,
        "recall": 0.32,
        "f1-score": 0.16484848484848486,
        "support": 50.0
      }
    }
  }
}