{
  "Perplexity": {
    "auc": 0.4385026737967915,
    "threshold": 0.4591836734693878,
    "precision": 0.35714285714285715,
    "recall": 0.8823529411764706,
    "f1_score": 0.5084745762711864,
    "accuracy": 0.42,
    "classification_report": {
      "0": {
        "precision": 0.75,
        "recall": 0.18181818181818182,
        "f1-score": 0.2926829268292683,
        "support": 33.0
      },
      "1": {
        "precision": 0.35714285714285715,
        "recall": 0.8823529411764706,
        "f1-score": 0.5084745762711864,
        "support": 17.0
      },
      "accuracy": 0.42,
      "macro avg": {
        "precision": 0.5535714285714286,
        "recall": 0.5320855614973262,
        "f1-score": 0.4005787515502274,
        "support": 50.0
      },
      "weighted avg": {
        "precision": 0.6164285714285714,
        "recall": 0.42,
        "f1-score": 0.3660520876395205,
        "support": 50.0
      }
    }
  }
}