{
  "Perplexity": {
    "auc": 0.6417112299465241,
    "threshold": 0.5244897959183674,
    "precision": 0.38461538461538464,
    "recall": 0.29411764705882354,
    "f1_score": 0.3333333333333333,
    "accuracy": 0.6,
    "classification_report": {
      "0": {
        "precision": 0.6756756756756757,
        "recall": 0.7575757575757576,
        "f1-score": 0.7142857142857143,
        "support": 33.0
      },
      "1": {
        "precision": 0.38461538461538464,
        "recall": 0.29411764705882354,
        "f1-score": 0.3333333333333333,
        "support": 17.0
      },
      "accuracy": 0.6,
      "macro avg": {
        "precision": 0.5301455301455301,
        "recall": 0.5258467023172906,
        "f1-score": 0.5238095238095238,
        "support": 50.0
      },
      "weighted avg": {
        "precision": 0.5767151767151768,
        "recall": 0.6,
        "f1-score": 0.5847619047619048,
        "support": 50.0
      }
    }
  }
}