{
  "Token_Confidence": {
    "auc": 0.7281639928698752,
    "threshold": 0.5081632653061224,
    "precision": 0.48,
    "recall": 0.7058823529411765,
    "f1_score": 0.5714285714285714,
    "accuracy": 0.64,
    "classification_report": {
      "0": {
        "precision": 0.8,
        "recall": 0.6060606060606061,
        "f1-score": 0.6896551724137931,
        "support": 33.0
      },
      "1": {
        "precision": 0.48,
        "recall": 0.7058823529411765,
        "f1-score": 0.5714285714285714,
        "support": 17.0
      },
      "accuracy": 0.64,
      "macro avg": {
        "precision": 0.64,
        "recall": 0.6559714795008913,
        "f1-score": 0.6305418719211823,
        "support": 50.0
      },
      "weighted avg": {
        "precision": 0.6912,
        "recall": 0.64,
        "f1-score": 0.6494581280788178,
        "support": 50.0
      }
    }
  }
}