{
  "Uncertainty_Quantification": {
    "auc": 0.5113636363636364,
    "threshold": 0.6224489795918368,
    "precision": 0.0,
    "recall": 0.0,
    "f1_score": 0.0,
    "accuracy": 0.84,
    "classification_report": {
      "0": {
        "precision": 0.875,
        "recall": 0.9545454545454546,
        "f1-score": 0.9130434782608695,
        "support": 44.0
      },
      "1": {
        "precision": 0.0,
        "recall": 0.0,
        "f1-score": 0.0,
        "support": 6.0
      },
      "accuracy": 0.84,
      "macro avg": {
        "precision": 0.4375,
        "recall": 0.4772727272727273,
        "f1-score": 0.45652173913043476,
        "support": 50.0
      },
      "weighted avg": {
        "precision": 0.77,
        "recall": 0.84,
        "f1-score": 0.8034782608695652,
        "support": 50.0
      }
    }
  }
}