{
  "Uncertainty_Quantification": {
    "auc": 0.4955436720142602,
    "threshold": 0.29591836734693877,
    "precision": 0.3548387096774194,
    "recall": 0.6470588235294118,
    "f1_score": 0.4583333333333333,
    "accuracy": 0.48,
    "classification_report": {
      "0": {
        "precision": 0.6842105263157895,
        "recall": 0.3939393939393939,
        "f1-score": 0.5,
        "support": 33.0
      },
      "1": {
        "precision": 0.3548387096774194,
        "recall": 0.6470588235294118,
        "f1-score": 0.4583333333333333,
        "support": 17.0
      },
      "accuracy": 0.48,
      "macro avg": {
        "precision": 0.5195246179966044,
        "recall": 0.5204991087344029,
        "f1-score": 0.47916666666666663,
        "support": 50.0
      },
      "weighted avg": {
        "precision": 0.5722241086587436,
        "recall": 0.48,
        "f1-score": 0.4858333333333333,
        "support": 50.0
      }
    }
  }
}