{
  "Uncertainty_Quantification": {
    "auc": 0.5113636363636364,
    "threshold": 0.6224489795918368,
    "precision": 0.0,
    "recall": 0.0,
    "f1_score": 0.0,
    "accuracy": 0.8,
    "classification_report": {
      "0": {
        "precision": 0.8695652173913043,
        "recall": 0.9090909090909091,
        "f1-score": 0.8888888888888888,
        "support": 44.0
      },
      "1": {
        "precision": 0.0,
        "recall": 0.0,
        "f1-score": 0.0,
        "support": 6.0
      },
      "accuracy": 0.8,
      "macro avg": {
        "precision": 0.43478260869565216,
        "recall": 0.45454545454545453,
        "f1-score": 0.4444444444444444,
        "support": 50.0
      },
      "weighted avg": {
        "precision": 0.7652173913043478,
        "recall": 0.8,
        "f1-score": 0.7822222222222222,
        "support": 50.0
      }
    }
  }
}