{
  "Uncertainty_Quantification": {
    "auc": 0.5222816399286987,
    "threshold": 0.4102040816326531,
    "precision": 0.34146341463414637,
    "recall": 0.8235294117647058,
    "f1_score": 0.4827586206896552,
    "accuracy": 0.4,
    "classification_report": {
      "0": {
        "precision": 0.6666666666666666,
        "recall": 0.18181818181818182,
        "f1-score": 0.2857142857142857,
        "support": 33.0
      },
      "1": {
        "precision": 0.34146341463414637,
        "recall": 0.8235294117647058,
        "f1-score": 0.4827586206896552,
        "support": 17.0
      },
      "accuracy": 0.4,
      "macro avg": {
        "precision": 0.5040650406504065,
        "recall": 0.5026737967914439,
        "f1-score": 0.3842364532019704,
        "support": 50.0
      },
      "weighted avg": {
        "precision": 0.5560975609756098,
        "recall": 0.4,
        "f1-score": 0.3527093596059113,
        "support": 50.0
      }
    }
  }
}