{
  "Uncertainty_Quantification": {
    "auc": 0.6287878787878788,
    "threshold": 0.4755102040816327,
    "precision": 0.14634146341463414,
    "recall": 1.0,
    "f1_score": 0.2553191489361702,
    "accuracy": 0.3,
    "classification_report": {
      "0": {
        "precision": 1.0,
        "recall": 0.20454545454545456,
        "f1-score": 0.33962264150943394,
        "support": 44.0
      },
      "1": {
        "precision": 0.14634146341463414,
        "recall": 1.0,
        "f1-score": 0.2553191489361702,
        "support": 6.0
      },
      "accuracy": 0.3,
      "macro avg": {
        "precision": 0.573170731707317,
        "recall": 0.6022727272727273,
        "f1-score": 0.29747089522280207,
        "support": 50.0
      },
      "weighted avg": {
        "precision": 0.897560975609756,
        "recall": 0.3,
        "f1-score": 0.32950622240064226,
        "support": 50.0
      }
    }
  }
}