{
  "statistics": {
    "truthful": {
      "count": 9,
      "tus": {
        "mean": 0.8345133463541666,
        "std": 0.05145119845671733,
        "median": 0.8474349975585938
      },
      "ntus": {
        "mean": 0.9610881952327165,
        "std": 0.047830309382951415,
        "median": 0.9811162821688739
      },
      "fgas": {
        "mean": 0.08032904730902778,
        "std": 0.02563652871251229,
        "median": 0.0850830078125
      }
    },
    "hallucinated": {
      "count": 1,
      "tus": {
        "mean": 0.8871231079101562,
        "std": 0.0,
        "median": 0.8871231079101562
      },
      "ntus": {
        "mean": 0.9969049336700812,
        "std": 0.0,
        "median": 0.9969049336700812
      },
      "fgas": {
        "mean": 0.060516357421875,
        "std": 0.0,
        "median": 0.060516357421875
      }
    },
    "statistical_tests": {
      "tus_t_test": {
        "t_statistic": -0.9145676419429587,
        "p_value": 0.38715337212507295
      },
      "ntus_t_test": {
        "t_statistic": -0.6697733124580096,
        "p_value": 0.5218607373095097
      },
      "fgas_t_test": {
        "t_statistic": 0.6912405638314634,
        "p_value": 0.5089722877945664
      }
    },
    "effect_sizes": {
      "tus_cohens_d": 0.0,
      "ntus_cohens_d": 0.0,
      "fgas_cohens_d": 0.0
    }
  },
  "plots": {
    "kde_plot": "experiment_records/rq1_20250623_204336/rq1_kde_distributions.png",
    "box_plot": "experiment_records/rq1_20250623_204336/rq1_boxplots.png",
    "bar_plot": "experiment_records/rq1_20250623_204336/rq1_mean_comparison.png",
    "scatter_plot": "experiment_records/rq1_20250623_204336/rq1_scatter_tus_fgas.png"
  },
  "timestamp": "2025-06-23 20:43:38"
}