{
  "VotingEnsemble": {
    "auc": 0.869159503077579,
    "threshold": 0.7141431871677476,
    "f1_optimized": 0.5838779906442205,
    "classification_report": {
      "0": {
        "precision": 0.9458018658374056,
        "recall": 0.9413411938098747,
        "f1-score": 0.9435662579406117,
        "support": 6785.0
      },
      "1": {
        "precision": 0.5738758029978587,
        "recall": 0.5942350332594235,
        "f1-score": 0.5838779956427015,
        "support": 902.0
      },
      "accuracy": 0.900611421881098,
      "macro avg": {
        "precision": 0.7598388344176321,
        "recall": 0.7677881135346492,
        "f1-score": 0.7637221267916565,
        "support": 7687.0
      },
      "weighted avg": {
        "precision": 0.9021597026162177,
        "recall": 0.900611421881098,
        "f1-score": 0.9013600900477127,
        "support": 7687.0
      }
    },
    "classification_report_default": {
      "0": {
        "precision": 0.9636608344549125,
        "recall": 0.8442151805453205,
        "f1-score": 0.8999921439233247,
        "support": 6785.0
      },
      "1": {
        "precision": 0.39357429718875503,
        "recall": 0.7605321507760532,
        "f1-score": 0.5187145557655954,
        "support": 902.0
      },
      "accuracy": 0.8343957330558085,
      "macro avg": {
        "precision": 0.6786175658218337,
        "recall": 0.8023736656606868,
        "f1-score": 0.7093533498444601,
        "support": 7687.0
      },
      "weighted avg": {
        "precision": 0.8967663298869311,
        "recall": 0.8343957330558085,
        "f1-score": 0.8552526636945915,
        "support": 7687.0
      }
    }
  },
  "Optimized_XGBoost": {
    "auc": 0.8634184739717029,
    "threshold": 0.9216036796569824,
    "f1_optimized": 0.5815773580713766,
    "classification_report": {
      "0": {
        "precision": 0.9395207852193995,
        "recall": 0.9593220338983051,
        "f1-score": 0.9493181652446584,
        "support": 6785.0
      },
      "1": {
        "precision": 0.6363636363636364,
        "recall": 0.5354767184035477,
        "f1-score": 0.5815773630343167,
        "support": 902.0
      },
      "accuracy": 0.9095876154546637,
      "macro avg": {
        "precision": 0.7879422107915179,
        "recall": 0.7473993761509263,
        "f1-score": 0.7654477641394876,
        "support": 7687.0
      },
      "weighted avg": {
        "precision": 0.9039480327453657,
        "recall": 0.9095876154546637,
        "f1-score": 0.9061671045455914,
        "support": 7687.0
      }
    },
    "classification_report_default": {
      "0": {
        "precision": 0.9774707119255032,
        "recall": 0.479587324981577,
        "f1-score": 0.643464504647024,
        "support": 6785.0
      },
      "1": {
        "precision": 0.18976594768242314,
        "recall": 0.9168514412416852,
        "f1-score": 0.3144486692015209,
        "support": 902.0
      },
      "accuracy": 0.5308963184597372,
      "macro avg": {
        "precision": 0.5836183298039631,
        "recall": 0.6982193831116311,
        "f1-score": 0.47895658692427245,
        "support": 7687.0
      },
      "weighted avg": {
        "precision": 0.8850406745445667,
        "recall": 0.5308963184597372,
        "f1-score": 0.6048574689280383,
        "support": 7687.0
      }
    }
  },
  "Optimized_RandomForest": {
    "auc": 0.8677823129474009,
    "threshold": 0.6797439183449273,
    "f1_optimized": 0.5779765181976684,
    "classification_report": {
      "0": {
        "precision": 0.9433823529411764,
        "recall": 0.9454679439941046,
        "f1-score": 0.944423997055576,
        "support": 6785.0
      },
      "1": {
        "precision": 0.5828635851183765,
        "recall": 0.573170731707317,
        "f1-score": 0.577976523197317,
        "support": 902.0
      },
      "accuracy": 0.9017822297385196,
      "macro avg": {
        "precision": 0.7631229690297765,
        "recall": 0.7593193378507108,
        "f1-score": 0.7612002601264465,
        "support": 7687.0
      },
      "weighted avg": {
        "precision": 0.9010787327283281,
        "recall": 0.9017822297385196,
        "f1-score": 0.9014246967537483,
        "support": 7687.0
      }
    },
    "classification_report_default": {
      "0": {
        "precision": 0.9580732917266762,
        "recall": 0.8823876197494473,
        "f1-score": 0.918674236611938,
        "support": 6785.0
      },
      "1": {
        "precision": 0.44506258692628653,
        "recall": 0.7095343680709535,
        "f1-score": 0.5470085470085471,
        "support": 902.0
      },
      "accuracy": 0.8621048523481202,
      "macro avg": {
        "precision": 0.7015679393264813,
        "recall": 0.7959609939102004,
        "f1-score": 0.7328413918102425,
        "support": 7687.0
      },
      "weighted avg": {
        "precision": 0.8978761204335903,
        "recall": 0.8621048523481202,
        "f1-score": 0.8750626258376101,
        "support": 7687.0
      }
    }
  },
  "Optimized_LightGBM": {
    "auc": 0.8644488543431694,
    "threshold": 0.6952056839979684,
    "f1_optimized": 0.5827664349118681,
    "classification_report": {
      "0": {
        "precision": 0.9431501831501832,
        "recall": 0.9487103905674281,
        "f1-score": 0.9459221160911094,
        "support": 6785.0
      },
      "1": {
        "precision": 0.5962877030162413,
        "recall": 0.5698447893569845,
        "f1-score": 0.5827664399092971,
        "support": 902.0
      },
      "accuracy": 0.9042539352152985,
      "macro avg": {
        "precision": 0.7697189430832123,
        "recall": 0.7592775899622063,
        "f1-score": 0.7643442780002032,
        "support": 7687.0
      },
      "weighted avg": {
        "precision": 0.9024490049166961,
        "recall": 0.9042539352152985,
        "f1-score": 0.9033090785060965,
        "support": 7687.0
      }
    },
    "classification_report_default": {
      "0": {
        "precision": 0.9557898049087477,
        "recall": 0.8953574060427414,
        "f1-score": 0.9245871699261852,
        "support": 6785.0
      },
      "1": {
        "precision": 0.46656649135987976,
        "recall": 0.688470066518847,
        "f1-score": 0.5562024182713838,
        "support": 902.0
      },
      "accuracy": 0.871081045921686,
      "macro avg": {
        "precision": 0.7111781481343137,
        "recall": 0.7919137362807942,
        "f1-score": 0.7403947940987845,
        "support": 7687.0
      },
      "weighted avg": {
        "precision": 0.8983838690662761,
        "recall": 0.871081045921686,
        "f1-score": 0.8813605475777228,
        "support": 7687.0
      }
    }
  },
  "Optimized_LogisticRegression": {
    "auc": 0.808420491922478,
    "threshold": 0.6584658712333955,
    "f1_optimized": 0.5079999950480201,
    "classification_report": {
      "0": {
        "precision": 0.9402033692517833,
        "recall": 0.9130434782608695,
        "f1-score": 0.9264244055630327,
        "support": 6785.0
      },
      "1": {
        "precision": 0.46265938069216755,
        "recall": 0.5631929046563193,
        "f1-score": 0.508,
        "support": 902.0
      },
      "accuracy": 0.8719916742552362,
      "macro avg": {
        "precision": 0.7014313749719754,
        "recall": 0.7381181914585944,
        "f1-score": 0.7172122027815164,
        "support": 7687.0
      },
      "weighted avg": {
        "precision": 0.8841678966772063,
        "recall": 0.8719916742552362,
        "f1-score": 0.8773260819234002,
        "support": 7687.0
      }
    },
    "classification_report_default": {
      "0": {
        "precision": 0.9509233926128591,
        "recall": 0.8196020633750921,
        "f1-score": 0.8803926224966357,
        "support": 6785.0
      },
      "1": {
        "precision": 0.33442088091353994,
        "recall": 0.6818181818181818,
        "f1-score": 0.4487413352790952,
        "support": 902.0
      },
      "accuracy": 0.8034343697151034,