{
  "VotingEnsemble": {
    "auc": 0.856967997066315,
    "threshold": 0.7141431871677476,
    "precision": 0.3654970760233918,
    "recall": 0.6058158319870759,
    "f1_score": 0.45592705167173253,
    "accuracy": 0.9081768749358777,
    "classification_report": {
      "0": {
        "precision": 0.972021557160876,
        "recall": 0.928680981595092,
        "f1-score": 0.9498571348534932,
        "support": 9128.0
      },
      "1": {
        "precision": 0.3654970760233918,
        "recall": 0.6058158319870759,
        "f1-score": 0.45592705167173253,
        "support": 619.0
      },
      "accuracy": 0.9081768749358777,
      "macro avg": {
        "precision": 0.668759316592134,
        "recall": 0.767248406791084,
        "f1-score": 0.7028920932626128,
        "support": 9747.0
      },
      "weighted avg": {
        "precision": 0.9335031767541763,
        "recall": 0.9081768749358777,
        "f1-score": 0.9184892553531844,
        "support": 9747.0
      }
    }
  },
  "Optimized_XGBoost": {
    "auc": 0.8527907349645112,
    "threshold": 0.9216036796569824,
    "precision": 0.3974208675263775,
    "recall": 0.5476575121163166,
    "f1_score": 0.46059782608695654,
    "accuracy": 0.918539037652611,
    "classification_report": {
      "0": {
        "precision": 0.9685181020912975,
        "recall": 0.9436897458369851,
        "f1-score": 0.9559427366551992,
        "support": 9128.0
      },
      "1": {
        "precision": 0.3974208675263775,
        "recall": 0.5476575121163166,
        "f1-score": 0.46059782608695654,
        "support": 619.0
      },
      "accuracy": 0.918539037652611,
      "macro avg": {
        "precision": 0.6829694848088375,
        "recall": 0.7456736289766508,
        "f1-score": 0.708270281371078,
        "support": 9747.0
      },
      "weighted avg": {
        "precision": 0.932249589913634,
        "recall": 0.918539037652611,
        "f1-score": 0.9244850061081856,
        "support": 9747.0
      }
    }
  },
  "Optimized_RandomForest": {
    "auc": 0.8530708119595798,
    "threshold": 0.6797439183449273,
    "precision": 0.3536701620591039,
    "recall": 0.5993537964458805,
    "f1_score": 0.4448441247002398,
    "accuracy": 0.9049964091515338,
    "classification_report": {
      "0": {
        "precision": 0.9714876983214532,
        "recall": 0.9257230499561788,
        "f1-score": 0.9480534051385616,
        "support": 9128.0
      },
      "1": {
        "precision": 0.3536701620591039,
        "recall": 0.5993537964458805,
        "f1-score": 0.4448441247002398,
        "support": 619.0
      },
      "accuracy": 0.9049964091515338,
      "macro avg": {
        "precision": 0.6625789301902786,
        "recall": 0.7625384232010297,
        "f1-score": 0.6964487649194007,
        "support": 9747.0
      },
      "weighted avg": {
        "precision": 0.9322521330248086,
        "recall": 0.9049964091515338,
        "f1-score": 0.9160962342561033,
        "support": 9747.0
      }
    }
  },
  "Optimized_LightGBM": {
    "auc": 0.8511630141912757,
    "threshold": 0.6952056839979684,
    "precision": 0.37067209775967414,
    "recall": 0.5880452342487884,
    "f1_score": 0.4547158026233604,
    "accuracy": 0.9104339796860572,
    "classification_report": {
      "0": {
        "precision": 0.970907016543069,
        "recall": 0.9322962313759859,
        "f1-score": 0.951209970379478,
        "support": 9128.0
      },
      "1": {
        "precision": 0.37067209775967414,
        "recall": 0.5880452342487884,
        "f1-score": 0.4547158026233604,
        "support": 619.0
      },
      "accuracy": 0.9104339796860572,
      "macro avg": {
        "precision": 0.6707895571513716,
        "recall": 0.7601707328123872,
        "f1-score": 0.7029628865014192,
        "support": 9747.0
      },
      "weighted avg": {
        "precision": 0.9327880656118162,
        "recall": 0.9104339796860572,
        "f1-score": 0.919679254278007,
        "support": 9747.0
      }
    }
  },
  "Optimized_LogisticRegression": {
    "auc": 0.8155789001230394,
    "threshold": 0.6584658712333955,
    "precision": 0.31955922865013775,
    "recall": 0.5621970920840065,
    "f1_score": 0.40749414519906324,
    "accuracy": 0.8961731814917411,
    "classification_report": {
      "0": {
        "precision": 0.9686994686994687,
        "recall": 0.9188212094653813,
        "f1-score": 0.9431013156415158,
        "support": 9128.0
      },
      "1": {
        "precision": 0.31955922865013775,
        "recall": 0.5621970920840065,
        "f1-score": 0.40749414519906324,
        "support": 619.0
      },
      "accuracy": 0.8961731814917411,
      "macro avg": {
        "precision": 0.6441293486748032,
        "recall": 0.7405091507746939,
        "f1-score": 0.6752977304202895,
        "support": 9747.0
      },
      "weighted avg": {
        "precision": 0.9274747012232671,
        "recall": 0.8961731814917411,
        "f1-score": 0.9090866610294425,
        "support": 9747.0
      }
    }
  }
}