{
  "BERTScore_vs_Question": {
    "auc": 0.6803089488636364,
    "threshold": 0.49183673469387756,
    "precision": 0.18674698795180722,
    "recall": 0.7045454545454546,
    "f1_score": 0.29523809523809524,
    "accuracy": 0.5066666666666667,
    "classification_report": {
      "0": {
        "precision": 0.9029850746268657,
        "recall": 0.47265625,
        "f1-score": 0.6205128205128205,
        "support": 256.0
      },
      "1": {
        "precision": 0.18674698795180722,
        "recall": 0.7045454545454546,
        "f1-score": 0.29523809523809524,
        "support": 44.0
      },
      "accuracy": 0.5066666666666667,
      "macro avg": {
        "precision": 0.5448660312893365,
        "recall": 0.5886008522727273,
        "f1-score": 0.4578754578754579,
        "support": 300.0
      },
      "weighted avg": {
        "precision": 0.7979368219145238,
        "recall": 0.5066666666666667,
        "f1-score": 0.5728058608058608,
        "support": 300.0
      }
    }
  }
}