{
  "Embedding_Based_Semantic_Divergence": {
    "auc": 0.6762040714995035,
    "threshold": 0.4755102040816327,
    "precision": 0.15090543259557343,
    "recall": 0.9868421052631579,
    "f1_score": 0.2617801047120419,
    "accuracy": 0.154,
    "classification_report": {
      "0": {
        "precision": 0.6666666666666666,
        "recall": 0.0047169811320754715,
        "f1-score": 0.00936768149882904,
        "support": 424.0
      },
      "1": {
        "precision": 0.15090543259557343,
        "recall": 0.9868421052631579,
        "f1-score": 0.2617801047120419,
        "support": 76.0
      },
      "accuracy": 0.154,
      "macro avg": {
        "precision": 0.40878604963112003,
        "recall": 0.4957795431976167,
        "f1-score": 0.13557389310543547,
        "support": 500.0
      },
      "weighted avg": {
        "precision": 0.5882709590878604,
        "recall": 0.154,
        "f1-score": 0.047734369827237395,
        "support": 500.0
      }
    }
  }
}