{
  "Embedding_Based_Semantic_Divergence": {
    "auc": 0.6803977272727273,
    "threshold": 0.49183673469387756,
    "precision": 0.19135802469135801,
    "recall": 0.7045454545454546,
    "f1_score": 0.30097087378640774,
    "accuracy": 0.52,
    "classification_report": {
      "0": {
        "precision": 0.9057971014492754,
        "recall": 0.48828125,
        "f1-score": 0.6345177664974619,
        "support": 256.0
      },
      "1": {
        "precision": 0.19135802469135801,
        "recall": 0.7045454545454546,
        "f1-score": 0.30097087378640774,
        "support": 44.0
      },
      "accuracy": 0.52,
      "macro avg": {
        "precision": 0.5485775630703167,
        "recall": 0.5964133522727273,
        "f1-score": 0.46774432014193484,
        "support": 300.0
      },
      "weighted avg": {
        "precision": 0.8010127035247808,
        "recall": 0.52,
        "f1-score": 0.5855975555665073,
        "support": 300.0
      }
    }
  }
}