{
  "Entity_Question_Overlap": {
    "auc": 0.5002663352272727,
    "threshold": 0.5,
    "precision": 0.0,
    "recall": 0.0,
    "f1_score": 0.0,
    "accuracy": 0.8466666666666667,
    "classification_report": {
      "0": {
        "precision": 0.8523489932885906,
        "recall": 0.9921875,
        "f1-score": 0.9169675090252708,
        "support": 256.0
      },
      "1": {
        "precision": 0.0,
        "recall": 0.0,
        "f1-score": 0.0,
        "support": 44.0
      },
      "accuracy": 0.8466666666666667,
      "macro avg": {
        "precision": 0.4261744966442953,
        "recall": 0.49609375,
        "f1-score": 0.4584837545126354,
        "support": 300.0
      },
      "weighted avg": {
        "precision": 0.727337807606264,
        "recall": 0.8466666666666667,
        "f1-score": 0.7824789410348978,
        "support": 300.0
      }
    }
  }
}