{
  "Max_Token_Probability": {
    "auc": 0.46231070009930486,
    "threshold": 0.4591836734693878,
    "precision": 0.1437125748502994,
    "recall": 0.631578947368421,
    "f1_score": 0.23414634146341465,
    "accuracy": 0.372,
    "classification_report": {
      "0": {
        "precision": 0.8313253012048193,
        "recall": 0.32547169811320753,
        "f1-score": 0.46779661016949153,
        "support": 424.0
      },
      "1": {
        "precision": 0.1437125748502994,
        "recall": 0.631578947368421,
        "f1-score": 0.23414634146341465,
        "support": 76.0
      },
      "accuracy": 0.372,
      "macro avg": {
        "precision": 0.48751893802755936,
        "recall": 0.4785253227408143,
        "f1-score": 0.3509714758164531,
        "support": 500.0
      },
      "weighted avg": {
        "precision": 0.7268081667989322,
        "recall": 0.372,
        "f1-score": 0.4322817693261678,
        "support": 500.0
      }
    }
  }
}