{
  "NLI_based_Contradiction_Detection": {
    "auc": 0.6330344460227273,
    "threshold": 0.5,
    "precision": 0.1989247311827957,
    "recall": 0.8409090909090909,
    "f1_score": 0.3217391304347826,
    "accuracy": 0.48,
    "classification_report": {
      "0": {
        "precision": 0.9385964912280702,
        "recall": 0.41796875,
        "f1-score": 0.5783783783783784,
        "support": 256.0
      },
      "1": {
        "precision": 0.1989247311827957,
        "recall": 0.8409090909090909,
        "f1-score": 0.3217391304347826,
        "support": 44.0
      },
      "accuracy": 0.48,
      "macro avg": {
        "precision": 0.568760611205433,
        "recall": 0.6294389204545454,
        "f1-score": 0.4500587544065805,
        "support": 300.0
      },
      "weighted avg": {
        "precision": 0.8301112997547633,
        "recall": 0.48,
        "f1-score": 0.5407379553466509,
        "support": 300.0
      }
    }
  }
}