{
  "Perplexity": {
    "auc": 0.4548117897727273,
    "threshold": 0.49183673469387756,
    "precision": 0.13076923076923078,
    "recall": 0.38636363636363635,
    "f1_score": 0.19540229885057472,
    "accuracy": 0.5333333333333333,
    "classification_report": {
      "0": {
        "precision": 0.8411764705882353,
        "recall": 0.55859375,
        "f1-score": 0.6713615023474179,
        "support": 256.0
      },
      "1": {
        "precision": 0.13076923076923078,
        "recall": 0.38636363636363635,
        "f1-score": 0.19540229885057472,
        "support": 44.0
      },
      "accuracy": 0.5333333333333333,
      "macro avg": {
        "precision": 0.485972850678733,
        "recall": 0.4724786931818182,
        "f1-score": 0.4333819005989963,
        "support": 300.0
      },
      "weighted avg": {
        "precision": 0.7369834087481146,
        "recall": 0.5333333333333333,
        "f1-score": 0.6015541525012142,
        "support": 300.0
      }
    }
  }
}