{
  "Token_Confidence": {
    "auc": 0.4287109375,
    "threshold": 0.5408163265306123,
    "precision": 0.08602150537634409,
    "recall": 0.18181818181818182,
    "f1_score": 0.11678832116788321,
    "accuracy": 0.5966666666666667,
    "classification_report": {
      "0": {
        "precision": 0.8260869565217391,
        "recall": 0.66796875,
        "f1-score": 0.7386609071274298,
        "support": 256.0
      },
      "1": {
        "precision": 0.08602150537634409,
        "recall": 0.18181818181818182,
        "f1-score": 0.11678832116788321,
        "support": 44.0
      },
      "accuracy": 0.5966666666666667,
      "macro avg": {
        "precision": 0.45605423094904163,
        "recall": 0.42489346590909094,
        "f1-score": 0.4277246141476565,
        "support": 300.0
      },
      "weighted avg": {
        "precision": 0.7175440236870811,
        "recall": 0.5966666666666667,
        "f1-score": 0.647452927853363,
        "support": 300.0
      }
    }
  }
}