{
  "VotingEnsemble": {
    "auc": 0.905109030697557,
    "threshold": 0.6946498565318671,
    "f1_optimized": 0.6127612711338093,
    "classification_report": {
      "0": {
        "precision": 0.9513825584928594,
        "recall": 0.9422208847427024,
        "f1-score": 0.9467795585122467,
        "support": 6646.0
      },
      "1": {
        "precision": 0.59192348565356,
        "recall": 0.6351197263397947,
        "f1-score": 0.6127612761276128,
        "support": 877.0
      },
      "accuracy": 0.9064203110461252,
      "macro avg": {
        "precision": 0.7716530220732096,
        "recall": 0.7886703055412485,
        "f1-score": 0.7797704173199298,
        "support": 7523.0
      },
      "weighted avg": {
        "precision": 0.9094783172486661,
        "recall": 0.9064203110461252,
        "f1-score": 0.9078410986356917,
        "support": 7523.0
      }
    },
    "classification_report_default": {
      "0": {
        "precision": 0.9720700017677214,
        "recall": 0.8274149864580198,
        "f1-score": 0.8939283101682517,
        "support": 6646.0
      },
      "1": {
        "precision": 0.3853161843515541,
        "recall": 0.8198403648802737,
        "f1-score": 0.5242435289828655,
        "support": 877.0
      },
      "accuracy": 0.826531968629536,
      "macro avg": {
        "precision": 0.6786930930596378,
        "recall": 0.8236276756691467,
        "f1-score": 0.7090859195755586,
        "support": 7523.0
      },
      "weighted avg": {
        "precision": 0.9036686860859483,
        "recall": 0.826531968629536,
        "f1-score": 0.8508319984442607,
        "support": 7523.0
      }
    }
  },
  "Optimized_XGBoost": {
    "auc": 0.9027820336543856,
    "threshold": 0.9044234752655029,
    "f1_optimized": 0.6135967410797001,
    "classification_report": {
      "0": {
        "precision": 0.9477466686629735,
        "recall": 0.9524526030695155,
        "f1-score": 0.9500938086303939,
        "support": 6646.0
      },
      "1": {
        "precision": 0.6255924170616114,
        "recall": 0.6020524515393386,
        "f1-score": 0.6135967460778617,
        "support": 877.0
      },
      "accuracy": 0.9116044131330586,
      "macro avg": {
        "precision": 0.7866695428622925,
        "recall": 0.7772525273044271,
        "f1-score": 0.7818452773541278,
        "support": 7523.0
      },
      "weighted avg": {
        "precision": 0.9101912680708699,
        "recall": 0.9116044131330586,
        "f1-score": 0.9108663828881939,
        "support": 7523.0
      }
    },
    "classification_report_default": {
      "0": {
        "precision": 0.9838531298385313,
        "recall": 0.6692747517303641,
        "f1-score": 0.7966329363302588,
        "support": 6646.0
      },
      "1": {
        "precision": 0.2678214523650899,
        "recall": 0.9167616875712656,
        "f1-score": 0.41453982985305493,
        "support": 877.0
      },
      "accuracy": 0.6981257477070317,
      "macro avg": {
        "precision": 0.6258372911018106,
        "recall": 0.7930182196508149,
        "f1-score": 0.6055863830916568,
        "support": 7523.0
      },
      "weighted avg": {
        "precision": 0.9003811397887894,
        "recall": 0.6981257477070317,
        "f1-score": 0.7520901137354817,
        "support": 7523.0
      }
    }
  },
  "Optimized_RandomForest": {
    "auc": 0.906630508967766,
    "threshold": 0.664046411279277,
    "f1_optimized": 0.6218019972276886,
    "classification_report": {
      "0": {
        "precision": 0.9518327779460769,
        "recall": 0.9455311465543184,
        "f1-score": 0.9486714975845411,
        "support": 6646.0
      },
      "1": {
        "precision": 0.6069489685124865,
        "recall": 0.637400228050171,
        "f1-score": 0.6218020022246941,
        "support": 877.0
      },
      "accuracy": 0.9096105277150073,
      "macro avg": {
        "precision": 0.7793908732292817,
        "recall": 0.7914656873022448,
        "f1-score": 0.7852367499046176,
        "support": 7523.0
      },
      "weighted avg": {
        "precision": 0.9116276601907587,
        "recall": 0.9096105277150073,
        "f1-score": 0.9105664135182662,
        "support": 7523.0
      }
    },
    "classification_report_default": {
      "0": {
        "precision": 0.9667438782263402,
        "recall": 0.8791754438760156,
        "f1-score": 0.9208825847123719,
        "support": 6646.0
      },
      "1": {
        "precision": 0.4570655848546315,
        "recall": 0.7708095781071835,
        "f1-score": 0.5738539898132428,
        "support": 877.0
      },
      "accuracy": 0.8665426026850991,
      "macro avg": {
        "precision": 0.7119047315404858,
        "recall": 0.8249925109915996,
        "f1-score": 0.7473682872628074,
        "support": 7523.0
      },
      "weighted avg": {
        "precision": 0.9073277060494176,
        "recall": 0.8665426026850991,
        "f1-score": 0.8804274368024243,
        "support": 7523.0
      }
    }
  },
  "Optimized_LightGBM": {
    "auc": 0.901095419746482,
    "threshold": 0.6124792209747413,
    "f1_optimized": 0.6069428841393432,
    "classification_report": {
      "0": {
        "precision": 0.9493498639250075,
        "recall": 0.9447788143244057,
        "f1-score": 0.9470588235294117,
        "support": 6646.0
      },
      "1": {
        "precision": 0.5962596259625963,
        "recall": 0.6180159635119726,
        "f1-score": 0.606942889137738,
        "support": 877.0
      },
      "accuracy": 0.9066861624351987,
      "macro avg": {
        "precision": 0.7728047449438019,
        "recall": 0.7813973889181891,
        "f1-score": 0.7770008563335749,
        "support": 7523.0
      },
      "weighted avg": {
        "precision": 0.9081880749188883,
        "recall": 0.9066861624351987,
        "f1-score": 0.9074095247840313,
        "support": 7523.0
      }
    },
    "classification_report_default": {
      "0": {
        "precision": 0.958043065231159,
        "recall": 0.9104724646403852,
        "f1-score": 0.9336522141644807,
        "support": 6646.0
      },
      "1": {
        "precision": 0.5070422535211268,
        "recall": 0.6978335233751425,
        "f1-score": 0.5873320537428023,
        "support": 877.0
      },
      "accuracy": 0.8856839026983916,
      "macro avg": {
        "precision": 0.7325426593761428,
        "recall": 0.8041529940077639,
        "f1-score": 0.7604921339536415,
        "support": 7523.0
      },
      "weighted avg": {
        "precision": 0.9054672694223463,
        "recall": 0.8856839026983916,
        "f1-score": 0.8932796525946534,
        "support": 7523.0
      }
    }
  },
  "Optimized_LogisticRegression": {
    "auc": 0.8574839127864223,
    "threshold": 0.7934619459146011,
    "f1_optimized": 0.5099502437974386,
    "classification_report": {
      "0": {
        "precision": 0.9312426383981154,
        "recall": 0.9517002708396027,
        "f1-score": 0.9413603214764101,
        "support": 6646.0
      },
      "1": {
        "precision": 0.560875512995896,
        "recall": 0.467502850627138,
        "f1-score": 0.5099502487562189,
        "support": 877.0
      },
      "accuracy": 0.8952545527050378,
      "macro avg": {
        "precision": 0.7460590756970057,
        "recall": 0.7096015607333703,
        "f1-score": 0.7256552851163145,
        "support": 7523.0
      },
      "weighted avg": {
        "precision": 0.8880667818278978,
        "recall": 0.8952545527050378,
        "f1-score": 0.8910683324061446,
        "support": 7523.0
      }
    },
    "classification_report_default": {
      "0": {
        "precision": 0.9574944071588367,
        "recall": 0.7727956665663557,
        "f1-score": 0.8552872606161532,
        "support": 6646.0
      },
      "1": {
        "precision": 0.3006021306160259,
        "recall": 0.7400228050171037,
        "f1-score": 0.427536231884058,
        "support": 877.0
      },
      "accuracy": 0.7689751428951216,