{
  "VotingEnsemble": {
    "auc": 0.8490738034156222,
    "threshold": 0.6946498565318671,
    "precision": 0.5432960893854749,
    "recall": 0.5432960893854749,
    "f1_score": 0.5432960893854749,
    "accuracy": 0.9342515331255655,
    "classification_report": {
      "0": {
        "precision": 0.9645758856028599,
        "recall": 0.9645758856028599,
        "f1-score": 0.9645758856028599,
        "support": 9231.0
      },
      "1": {
        "precision": 0.5432960893854749,
        "recall": 0.5432960893854749,
        "f1-score": 0.5432960893854749,
        "support": 716.0
      },
      "accuracy": 0.9342515331255655,
      "macro avg": {
        "precision": 0.7539359874941673,
        "recall": 0.7539359874941673,
        "f1-score": 0.7539359874941673,
        "support": 9947.0
      },
      "weighted avg": {
        "precision": 0.9342515331255655,
        "recall": 0.9342515331255655,
        "f1-score": 0.9342515331255655,
        "support": 9947.0
      }
    }
  },
  "Optimized_XGBoost": {
    "auc": 0.8340660024002193,
    "threshold": 0.9044234752655029,
    "precision": 0.563165905631659,
    "recall": 0.5167597765363129,
    "f1_score": 0.538965768390386,
    "accuracy": 0.936362722428873,
    "classification_report": {
      "0": {
        "precision": 0.9627556512378902,
        "recall": 0.9689091106055682,
        "f1-score": 0.9658225797743103,
        "support": 9231.0
      },
      "1": {
        "precision": 0.563165905631659,
        "recall": 0.5167597765363129,
        "f1-score": 0.538965768390386,
        "support": 716.0
      },
      "accuracy": 0.936362722428873,
      "macro avg": {
        "precision": 0.7629607784347746,
        "recall": 0.7428344435709405,
        "f1-score": 0.7523941740823481,
        "support": 9947.0
      },
      "weighted avg": {
        "precision": 0.9339925811811836,
        "recall": 0.936362722428873,
        "f1-score": 0.9350967853688725,
        "support": 9947.0
      }
    }
  },
  "Optimized_RandomForest": {
    "auc": 0.8535217892830147,
    "threshold": 0.664046411279277,
    "precision": 0.47761194029850745,
    "recall": 0.5363128491620112,
    "f1_score": 0.5052631578947369,
    "accuracy": 0.9243993163767971,
    "classification_report": {
      "0": {
        "precision": 0.9636880673739473,
        "recall": 0.9545011374715632,
        "f1-score": 0.9590726025906172,
        "support": 9231.0
      },
      "1": {
        "precision": 0.47761194029850745,
        "recall": 0.5363128491620112,
        "f1-score": 0.5052631578947369,
        "support": 716.0
      },
      "accuracy": 0.9243993163767971,
      "macro avg": {
        "precision": 0.7206500038362273,
        "recall": 0.7454069933167872,
        "f1-score": 0.732167880242677,
        "support": 9947.0
      },
      "weighted avg": {
        "precision": 0.9286995776799677,
        "recall": 0.9243993163767971,
        "f1-score": 0.9264067171575971,
        "support": 9947.0
      }
    }
  },
  "Optimized_LightGBM": {
    "auc": 0.8325962765735326,
    "threshold": 0.6124792209747413,
    "precision": 0.4486873508353222,
    "recall": 0.5251396648044693,
    "f1_score": 0.4839124839124839,
    "accuracy": 0.9193726751784458,
    "classification_report": {
      "0": {
        "precision": 0.962674278186409,
        "recall": 0.9499512512187195,
        "f1-score": 0.9562704471101418,
        "support": 9231.0
      },
      "1": {
        "precision": 0.4486873508353222,
        "recall": 0.5251396648044693,
        "f1-score": 0.4839124839124839,
        "support": 716.0
      },
      "accuracy": 0.9193726751784458,
      "macro avg": {
        "precision": 0.7056808145108656,
        "recall": 0.7375454580115943,
        "f1-score": 0.7200914655113129,
        "support": 9947.0
      },
      "weighted avg": {
        "precision": 0.9256767271676719,
        "recall": 0.9193726751784458,
        "f1-score": 0.9222694114562238,
        "support": 9947.0
      }
    }
  },
  "Optimized_LogisticRegression": {
    "auc": 0.8220943335820702,
    "threshold": 0.7934619459146011,
    "precision": 0.49920508744038156,
    "recall": 0.43854748603351956,
    "f1_score": 0.46691449814126396,
    "accuracy": 0.927917965215643,
    "classification_report": {
      "0": {
        "precision": 0.9568576947842885,
        "recall": 0.9658758531036724,
        "f1-score": 0.9613456251010836,
        "support": 9231.0
      },
      "1": {
        "precision": 0.49920508744038156,
        "recall": 0.43854748603351956,
        "f1-score": 0.46691449814126396,
        "support": 716.0
      },
      "accuracy": 0.927917965215643,
      "macro avg": {
        "precision": 0.7280313911123351,
        "recall": 0.702211669568596,
        "f1-score": 0.7141300616211738,
        "support": 9947.0
      },
      "weighted avg": {
        "precision": 0.9239151727315855,
        "recall": 0.927917965215643,
        "f1-score": 0.9257557299665473,
        "support": 9947.0
      }
    }
  }
}