{
  "evaluation_method": "SQuAD",
  "has_prd_variants": false,
  "truthful": {
    "count": 4638,
    "prd": {
      "mean": 0.7277983793311718,
      "std": 0.03380519867607516,
      "median": 0.727142333984375
    },
    "gass": {
      "mean": 0.3942214739927653,
      "std": 0.06486273187424485,
      "median": 0.3756134380187307
    }
  },
  "hallucinated": {
    "count": 362,
    "prd": {
      "mean": 0.7339655971000207,
      "std": 0.038421911080807836,
      "median": 0.7333564758300781
    },
    "gass": {
      "mean": 0.35596294338371265,
      "std": 0.050908314653097,
      "median": 0.35485235787928104
    }
  },
  "statistical_tests": {
    "prd_t_test": {
      "t_statistic": -3.307608000866318,
      "p_value": 0.0009476151258016854
    },
    "gass_t_test": {
      "t_statistic": 10.959815277548506,
      "p_value": 1.2275318473364674e-27
    }
  },
  "effect_sizes": {
    "prd_cohens_d": -0.18050090284407289,
    "gass_cohens_d": 0.5980928066698441
  }
}