{
  "statistics": {
    "truthful": {
      "count": 37,
      "tus": {
        "mean": 0.74416480193267,
        "std": 0.16186283252340758,
        "median": 0.8143653869628906
      },
      "ntus": {
        "mean": 0.9201024293616434,
        "std": 0.10733561656959838,
        "median": 0.9810615791760074
      },
      "fgas": {
        "mean": 0.08690828890413851,
        "std": 0.02790409238872604,
        "median": 0.08660888671875
      }
    },
    "hallucinated": {
      "count": 13,
      "tus": {
        "mean": 0.7156793154202975,
        "std": 0.19892812884657043,
        "median": 0.7789382934570312
      },
      "ntus": {
        "mean": 0.9883420135854784,
        "std": 0.009318268509268148,
        "median": 0.9928664516979375
      },
      "fgas": {
        "mean": 0.11399019681490384,
        "std": 0.04929197531929757,
        "median": 0.0867919921875
      }
    },
    "statistical_tests": {
      "tus_t_test": {
        "t_statistic": 0.502504985951464,
        "p_value": 0.617610081052075
      },
      "ntus_t_test": {
        "t_statistic": -2.242980794850366,
        "p_value": 0.029550801798620407
      },
      "fgas_t_test": {
        "t_statistic": -2.368014654330538,
        "p_value": 0.021959741122324565
      }
    },
    "effect_sizes": {
      "tus_cohens_d": 0.16572878351499395,
      "ntus_cohens_d": -0.7331908605060052,
      "fgas_cohens_d": -0.7846027456985722
    }
  },
  "plots": {
    "kde_plot": "experiment_records/rq1_20250623_180440/rq1_kde_distributions.png",
    "box_plot": "experiment_records/rq1_20250623_180440/rq1_boxplots.png",
    "bar_plot": "experiment_records/rq1_20250623_180440/rq1_mean_comparison.png",
    "scatter_plot": "experiment_records/rq1_20250623_180440/rq1_scatter_tus_fgas.png"
  },
  "timestamp": "2025-06-23 18:04:42"
}