{
  "evaluation_method": "SQuAD",
  "has_prd_variants": false,
  "truthful": {
    "count": 6520,
    "prd": {
      "mean": 0.7259797840030646,
      "std": 0.038201167715816414,
      "median": 0.7251052856445312
    },
    "gass": {
      "mean": 0.39661197448157576,
      "std": 0.07133799070209675,
      "median": 0.3758627735078335
    }
  },
  "hallucinated": {
    "count": 1517,
    "prd": {
      "mean": 0.7328809774778513,
      "std": 0.03671716568284333,
      "median": 0.7289505004882812
    },
    "gass": {
      "mean": 0.36564517829222165,
      "std": 0.04388922733177626,
      "median": 0.3689717624336481
    }
  },
  "statistical_tests": {
    "prd_t_test": {
      "t_statistic": -6.382758112534222,
      "p_value": 1.8357108123254525e-10
    },
    "gass_t_test": {
      "t_statistic": 16.206393309539063,
      "p_value": 3.77392898658887e-58
    }
  },
  "effect_sizes": {
    "prd_cohens_d": -0.18194443730492724,
    "gass_cohens_d": 0.4619731876813486
  }
}