{
  "BERTScore_vs_Question": {
    "auc": 0.4866527577167924,
    "threshold": 0.4620963180080746,
    "precision": 0.05930470347648262,
    "recall": 0.9354838709677419,
    "f1_score": 0.11153846153846154,
    "accuracy": 0.076,
    "classification_report": {
      "0": {
        "precision": 0.8181818181818182,
        "recall": 0.019189765458422176,
        "f1-score": 0.0375,
        "support": 1407.0
      },
      "1": {
        "precision": 0.05930470347648262,
        "recall": 0.9354838709677419,
        "f1-score": 0.11153846153846154,
        "support": 93.0
      },
      "accuracy": 0.076,
      "macro avg": {
        "precision": 0.43874326082915044,
        "recall": 0.47733681821308205,
        "f1-score": 0.07451923076923077,
        "support": 1500.0
      },
      "weighted avg": {
        "precision": 0.7711314370700875,
        "recall": 0.076,
        "f1-score": 0.04209038461538461,
        "support": 1500.0
      }
    }
  }
}