{
  "Embedding_Based_Semantic_Divergence": {
    "auc": 0.48980137713888316,
    "threshold": 0.4822625855521607,
    "precision": 0.060240963855421686,
    "recall": 0.967741935483871,
    "f1_score": 0.11342155009451796,
    "accuracy": 0.062,
    "classification_report": {
      "0": {
        "precision": 0.5,
        "recall": 0.0021321961620469083,
        "f1-score": 0.004246284501061571,
        "support": 1407.0
      },
      "1": {
        "precision": 0.060240963855421686,
        "recall": 0.967741935483871,
        "f1-score": 0.11342155009451796,
        "support": 93.0
      },
      "accuracy": 0.062,
      "macro avg": {
        "precision": 0.28012048192771083,
        "recall": 0.484937065822959,
        "f1-score": 0.058833917297789765,
        "support": 1500.0
      },
      "weighted avg": {
        "precision": 0.4727349397590362,
        "recall": 0.062,
        "f1-score": 0.011015150967855866,
        "support": 1500.0
      }
    }
  }
}