{
  "Max_Token_Probability": {
    "auc": 0.44191576086956513,
    "threshold": 0.4332863822980071,
    "precision": 0.07100591715976332,
    "recall": 0.75,
    "f1_score": 0.12972972972972974,
    "accuracy": 0.195,
    "classification_report": {
      "0": {
        "precision": 0.8709677419354839,
        "recall": 0.14673913043478262,
        "f1-score": 0.25116279069767444,
        "support": 184.0
      },
      "1": {
        "precision": 0.07100591715976332,
        "recall": 0.75,
        "f1-score": 0.12972972972972974,
        "support": 16.0
      },
      "accuracy": 0.195,
      "macro avg": {
        "precision": 0.4709868295476236,
        "recall": 0.4483695652173913,
        "f1-score": 0.1904462602137021,
        "support": 200.0
      },
      "weighted avg": {
        "precision": 0.8069707959534261,
        "recall": 0.195,
        "f1-score": 0.24144814582023888,
        "support": 200.0
      }
    }
  }
}