{
  "NLI_based_Contradiction_Detection": {
    "auc": 0.5043790265263544,
    "threshold": 0.49725215021684227,
    "precision": 0.06233062330623306,
    "recall": 0.7419354838709677,
    "f1_score": 0.115,
    "accuracy": 0.292,
    "classification_report": {
      "0": {
        "precision": 0.9389312977099237,
        "recall": 0.2622601279317697,
        "f1-score": 0.41,
        "support": 1407.0
      },
      "1": {
        "precision": 0.06233062330623306,
        "recall": 0.7419354838709677,
        "f1-score": 0.115,
        "support": 93.0
      },
      "accuracy": 0.292,
      "macro avg": {
        "precision": 0.5006309605080783,
        "recall": 0.5020978059013688,
        "f1-score": 0.2625,
        "support": 1500.0
      },
      "weighted avg": {
        "precision": 0.8845820558968949,
        "recall": 0.292,
        "f1-score": 0.39171000000000006,
        "support": 1500.0
      }
    }
  }
}