{
  "Perplexity": {
    "auc": 0.49346585047114655,
    "threshold": 0.49968232802818335,
    "precision": 0.06028368794326241,
    "recall": 0.5483870967741935,
    "f1_score": 0.10862619808306709,
    "accuracy": 0.442,
    "classification_report": {
      "0": {
        "precision": 0.9357798165137615,
        "recall": 0.4349680170575693,
        "f1-score": 0.5938864628820961,
        "support": 1407.0
      },
      "1": {
        "precision": 0.06028368794326241,
        "recall": 0.5483870967741935,
        "f1-score": 0.10862619808306709,
        "support": 93.0
      },
      "accuracy": 0.442,
      "macro avg": {
        "precision": 0.498031752228512,
        "recall": 0.49167755691588144,
        "f1-score": 0.3512563304825816,
        "support": 1500.0
      },
      "weighted avg": {
        "precision": 0.8814990565423905,
        "recall": 0.442,
        "f1-score": 0.5638003264645564,
        "support": 1500.0
      }
    }
  }
}