{
  "Token_Confidence": {
    "auc": 0.49664503901384016,
    "threshold": 0.5051742069929275,
    "precision": 0.06060606060606061,
    "recall": 0.5161290322580645,
    "f1_score": 0.10847457627118644,
    "accuracy": 0.474,
    "classification_report": {
      "0": {
        "precision": 0.9364406779661016,
        "recall": 0.47121535181236673,
        "f1-score": 0.6269503546099291,
        "support": 1407.0
      },
      "1": {
        "precision": 0.06060606060606061,
        "recall": 0.5161290322580645,
        "f1-score": 0.10847457627118644,
        "support": 93.0
      },
      "accuracy": 0.474,
      "macro avg": {
        "precision": 0.4985233692860811,
        "recall": 0.4936721920352156,
        "f1-score": 0.36771246544055775,
        "support": 1500.0
      },
      "weighted avg": {
        "precision": 0.8821389316897792,
        "recall": 0.474,
        "f1-score": 0.5948048563529271,
        "support": 1500.0
      }
    }
  }
}