{
  "config": {
    "timestamp": "20250713_223401",
    "script": "test_gass_direction.py",
    "model": "meta-llama/Meta-Llama-3-8B-Instruct",
    "total_samples": 6000,
    "candidate_layers": [
      32,
      31,
      30,
      28,
      25,
      20
    ],
    "pytorch_version": "2.6.0+cu124",
    "cuda_version": "12.4",
    "squad_evaluation_added": "20250713_185915",
    "squad_f1_threshold": 0.3
  },
  "analysis_timestamp": "20250713_185917",
  "best_layer": 32,
  "layer_results": {
    "32": {
      "truthful_count": 2098,
      "hallucinated_count": 80,
      "truthful_mean": 0.17135210700609396,
      "truthful_std": 0.07034144488261562,
      "hallucinated_mean": 0.2222000722384571,
      "hallucinated_std": 0.06356781984699526,
      "mean_diff": -0.05084796523236315,
      "direction_accuracy": 0.0,
      "paired_samples": 0,
      "t_statistic": -6.364271620584932,
      "p_value": 2.3853903199762924e-10,
      "cohens_d": -0.7252910810181671,
      "significant": true,
      "advanced_stats": {
        "roc_auc": 0.7296174928503337,
        "auc_interpretation": "良好分类器",
        "mannwhitney_stat": 45381.0,
        "mannwhitney_p": 1.4665461417177263e-12,
        "mannwhitney_significant": true,
        "levene_stat": 8.630457903281934,
        "levene_p": 0.0033406365304024304,
        "variance_equal": false,
        "normality_truthful_p": 4.2113937631834277e-19,
        "normality_hallucinated_p": 7.170198168910837e-08,
        "both_normal": false,
        "cohens_d_ci_lower": -0.9297849608365161,
        "cohens_d_ci_upper": -0.5074297878552692,
        "cohens_d_ci_width": 0.4223551729812469,
        "ci_interpretation": "效应量一般稳定",
        "utility_score": 6,
        "max_utility_score": 8,
        "utility_grade": "B级 - 推荐用于detector"
      }
    },
    "31": {
      "truthful_count": 2098,
      "hallucinated_count": 80,
      "truthful_mean": 0.08451196522813527,
      "truthful_std": 0.02443823838416889,
      "hallucinated_mean": 0.09634480598212894,
      "hallucinated_std": 0.020931846565157678,
      "mean_diff": -0.01183284075399367,
      "direction_accuracy": 0.0,
      "paired_samples": 0,
      "t_statistic": -4.26946529817613,
      "p_value": 2.043581382743316e-05,
      "cohens_d": -0.4865520552763408,
      "significant": true,
      "advanced_stats": {
        "roc_auc": 0.6743654671115347,
        "auc_interpretation": "一般分类器",
        "mannwhitney_stat": 54654.5,
        "mannwhitney_p": 5.756572472508002e-08,
        "mannwhitney_significant": true,
        "levene_stat": 13.198260969007135,
        "levene_p": 0.0002866957728607507,
        "variance_equal": false,
        "normality_truthful_p": 1.1028664180040502e-17,
        "normality_hallucinated_p": 9.412906863488477e-10,
        "both_normal": false,
        "cohens_d_ci_lower": -0.6687191991283054,
        "cohens_d_ci_upper": -0.2703789320119526,
        "cohens_d_ci_width": 0.39834026711635273,
        "ci_interpretation": "效应量较稳定",
        "utility_score": 6,
        "max_utility_score": 8,
        "utility_grade": "B级 - 推荐用于detector"
      }
    },
    "30": {
      "truthful_count": 2098,
      "hallucinated_count": 80,
      "truthful_mean": 0.0579427832835938,
      "truthful_std": 0.018538483032987253,
      "hallucinated_mean": 0.06475796052953704,
      "hallucinated_std": 0.015685204590873976,
      "mean_diff": -0.006815177245943244,
      "direction_accuracy": 0.0,
      "paired_samples": 0,
      "t_statistic": -3.2426526648825442,
      "p_value": 0.001202132352165432,
      "cohens_d": -0.3695341503011776,
      "significant": true,
      "advanced_stats": {
        "roc_auc": 0.6517784795042898,
        "auc_interpretation": "一般分类器",
        "mannwhitney_stat": 58445.5,
        "mannwhitney_p": 1.971546862105677e-06,
        "mannwhitney_significant": true,
        "levene_stat": 12.666925399913744,
        "levene_p": 0.00038015403983626044,
        "variance_equal": false,
        "normality_truthful_p": 3.438281435175116e-08,
        "normality_hallucinated_p": 2.9349645511201553e-09,
        "both_normal": false,
        "cohens_d_ci_lower": -0.5511875530695978,
        "cohens_d_ci_upper": -0.17923516848524285,
        "cohens_d_ci_width": 0.3719523845843549,
        "ci_interpretation": "效应量较稳定",
        "utility_score": 6,
        "max_utility_score": 8,
        "utility_grade": "B级 - 推荐用于detector"
      }
    },
    "28": {
      "truthful_count": 2098,
      "hallucinated_count": 80,
      "truthful_mean": 0.03917550867296691,
      "truthful_std": 0.015272835160563658,
      "hallucinated_mean": 0.04589319717634575,
      "hallucinated_std": 0.013111315893618677,
      "mean_diff": -0.006717688503378838,
      "direction_accuracy": 0.0,
      "paired_samples": 0,
      "t_statistic": -3.8781766734588228,
      "p_value": 0.00010836499927344847,
      "cohens_d": -0.44196077755022284,
      "significant": true,
      "advanced_stats": {
        "roc_auc": 0.6755511201143947,
        "auc_interpretation": "一般分类器",
        "mannwhitney_stat": 54455.5,
        "mannwhitney_p": 4.7220250390674924e-08,
        "mannwhitney_significant": true,
        "levene_stat": 11.621899046697193,
        "levene_p": 0.0006636765319872232,
        "variance_equal": false,
        "normality_truthful_p": 8.754452326011359e-08,
        "normality_hallucinated_p": 1.4755446649828095e-08,
        "both_normal": false,
        "cohens_d_ci_lower": -0.6324675784490784,
        "cohens_d_ci_upper": -0.24255631619405568,
        "cohens_d_ci_width": 0.3899112622550227,
        "ci_interpretation": "效应量较稳定",
        "utility_score": 6,
        "max_utility_score": 8,
        "utility_grade": "B级 - 推荐用于detector"
      }
    },
    "25": {
      "truthful_count": 2098,
      "hallucinated_count": 80,
      "truthful_mean": 0.030435424700452858,
      "truthful_std": 0.014242039299801187,
      "hallucinated_mean": 0.03670307546914178,
      "hallucinated_std": 0.012163252657046309,
      "mean_diff": -0.006267650768688925,
      "direction_accuracy": 0.0,
      "paired_samples": 0,
      "t_statistic": -3.8807991760855334,
      "p_value": 0.00010721100717059723,
      "cohens_d": -0.44225891135520173,
      "significant": true,
      "advanced_stats": {
        "roc_auc": 0.6709306482364157,
        "auc_interpretation": "一般分类器",
        "mannwhitney_stat": 55231.0,
        "mannwhitney_p": 1.0146287976798917e-07,
        "mannwhitney_significant": true,
        "levene_stat": 9.299828623703537,
        "levene_p": 0.002319376124861284,
        "variance_equal": false,
        "normality_truthful_p": 1.3934402022622366e-11,
        "normality_hallucinated_p": 2.5569742336186387e-07,
        "both_normal": false,
        "cohens_d_ci_lower": -0.6491023369353582,
        "cohens_d_ci_upper": -0.23989095068886285,
        "cohens_d_ci_width": 0.4092113862464954,
        "ci_interpretation": "效应量一般稳定",
        "utility_score": 5,
        "max_utility_score": 8,
        "utility_grade": "B级 - 推荐用于detector"
      }
    },
    "20": {
      "truthful_count": 2098,
      "hallucinated_count": 80,
      "truthful_mean": 0.017291445830338176,
      "truthful_std": 0.011835003208470073,
      "hallucinated_mean": 0.025026205280931867,
      "hallucinated_std": 0.010972157896216856,
      "mean_diff": -0.007734759450593692,
      "direction_accuracy": 0.0,
      "paired_samples": 0,
      "t_statistic": -5.749383087309904,
      "p_value": 1.0218051925848467e-08,
      "cohens_d": -0.655222623145703,
      "significant": true,
      "advanced_stats": {
        "roc_auc": 0.7031696854146805,
        "auc_interpretation": "良好分类器",
        "mannwhitney_stat": 49820.0,
        "mannwhitney_p": 3.229508540585378e-10,
        "mannwhitney_significant": true,
        "levene_stat": 2.5140569883393273,
        "levene_p": 0.11298041432547581,
        "variance_equal": true,
        "normality_truthful_p": 9.208323309003847e-22,