{
  "statistics": {
    "truthful": {
      "count": 248,
      "tus": {
        "mean": 0.8314630792986962,
        "std": 0.139940803677268,
        "median": 0.8590011596679688
      },
      "ntus": {
        "mean": 0.9328409307408331,
        "std": 0.10360424034476493,
        "median": 0.9999999872293923
      },
      "fgas": {
        "mean": 0.08778061405304939,
        "std": 0.02792074142787918,
        "median": 0.084625244140625
      }
    },
    "hallucinated": {
      "count": 52,
      "tus": {
        "mean": 0.8194483977097732,
        "std": 0.13939532327772233,
        "median": 0.8378944396972656
      },
      "ntus": {
        "mean": 0.9135924049259624,
        "std": 0.12068670127010318,
        "median": 0.9950662615408699
      },
      "fgas": {
        "mean": 0.08927976168118991,
        "std": 0.027543211249834824,
        "median": 0.088226318359375
      }
    },
    "statistical_tests": {
      "tus_t_test": {
        "t_statistic": 0.5614037962575058,
        "p_value": 0.5749442297164409
      },
      "ntus_t_test": {
        "t_statistic": 1.1781440451554557,
        "p_value": 0.2396791322338456
      },
      "fgas_t_test": {
        "t_statistic": -0.3516779922249952,
        "p_value": 0.7253283051239952
      }
    },
    "effect_sizes": {
      "tus_cohens_d": 0.0859126759499613,
      "ntus_cohens_d": 0.18036160626671757,
      "fgas_cohens_d": -0.05381681045007925
    }
  },
  "plots": {
    "kde_plot": "experiment_records/rq1_20250624_103011/rq1_kde_distributions.png",
    "box_plot": "experiment_records/rq1_20250624_103011/rq1_boxplots.png",
    "bar_plot": "experiment_records/rq1_20250624_103011/rq1_mean_comparison.png",
    "scatter_plot": "experiment_records/rq1_20250624_103011/rq1_scatter_tus_fgas.png"
  },
  "timestamp": "2025-06-24 10:30:13"
}