{
  "statistics": {
    "truthful": {
      "count": 407,
      "tus": {
        "mean": 0.7496600303368721,
        "std": 0.12039802944554975,
        "median": 0.7646064758300781
      },
      "ntus": {
        "mean": 0.883744241869559,
        "std": 0.11760034744564968,
        "median": 0.913815835883368
      },
      "fgas": {
        "mean": 0.08286062329641432,
        "std": 0.02546901068948209,
        "median": 0.07958984375
      }
    },
    "hallucinated": {
      "count": 93,
      "tus": {
        "mean": 0.7353023611089234,
        "std": 0.11103091437150311,
        "median": 0.7339401245117188
      },
      "ntus": {
        "mean": 0.8822503004475853,
        "std": 0.11726505909718002,
        "median": 0.9052418089070813
      },
      "fgas": {
        "mean": 0.0885039298765121,
        "std": 0.02915416643143103,
        "median": 0.0880126953125
      }
    },
    "statistical_tests": {
      "tus_t_test": {
        "t_statistic": 1.0502041248229324,
        "p_value": 0.29413363515527824
      },
      "ntus_t_test": {
        "t_statistic": 0.11036678980584273,
        "p_value": 0.9121629523983805
      },
      "fgas_t_test": {
        "t_statistic": -1.8707669359580499,
        "p_value": 0.061963630541443784
      }
    },
    "effect_sizes": {
      "tus_cohens_d": 0.12093395458421473,
      "ntus_cohens_d": 0.012710232760529717,
      "fgas_cohens_d": -0.2154848256907309
    }
  },
  "plots": {
    "kde_plot": "experiment_records/rq1_20250623_173828/rq1_kde_distributions.png",
    "box_plot": "experiment_records/rq1_20250623_173828/rq1_boxplots.png",
    "bar_plot": "experiment_records/rq1_20250623_173828/rq1_mean_comparison.png",
    "scatter_plot": "experiment_records/rq1_20250623_173828/rq1_scatter_tus_fgas.png"
  },
  "timestamp": "2025-06-23 17:38:30"
}