{
  "statistics": {
    "truthful": {
      "count": 344,
      "tus": {
        "mean": 0.8312594890594482,
        "std": 0.0690501177069918,
        "median": 0.861572265625
      },
      "ntus": {
        "mean": 0.9872069114086598,
        "std": 0.023129206077590295,
        "median": 0.9916673305808357
      },
      "fgas": {
        "mean": 0.07939822174781977,
        "std": 0.028877011668518703,
        "median": 0.07781982421875
      }
    },
    "hallucinated": {
      "count": 156,
      "tus": {
        "mean": 0.8008257548014323,
        "std": 0.08478492631266837,
        "median": 0.8265571594238281
      },
      "ntus": {
        "mean": 0.9874469996857144,
        "std": 0.023376514323901736,
        "median": 0.9918238835640067
      },
      "fgas": {
        "mean": 0.08199457021859977,
        "std": 0.031357526132814305,
        "median": 0.077423095703125
      }
    },
    "statistical_tests": {
      "tus_t_test": {
        "t_statistic": 4.233978040425303,
        "p_value": 2.734732997698211e-05
      },
      "ntus_t_test": {
        "t_statistic": -0.10696574165274596,
        "p_value": 0.9148592346023026
      },
      "fgas_t_test": {
        "t_statistic": -0.9046588722673915,
        "p_value": 0.36608356646259277
      }
    },
    "effect_sizes": {
      "tus_cohens_d": 0.40957579078042244,
      "ntus_cohens_d": -0.010345750973912514,
      "fgas_cohens_d": -0.08750371308000046
    }
  },
  "plots": {
    "kde_plot": "experiment_records/rq1_20250623_101811/rq1_kde_distributions.png",
    "box_plot": "experiment_records/rq1_20250623_101811/rq1_boxplots.png",
    "bar_plot": "experiment_records/rq1_20250623_101811/rq1_mean_comparison.png",
    "scatter_plot": "experiment_records/rq1_20250623_101811/rq1_scatter_tus_fgas.png"
  },
  "timestamp": "2025-06-23 10:18:13"
}