{
  "statistics": {
    "truthful": {
      "count": 73,
      "tus": {
        "mean": 0.8296863869444965,
        "std": 0.0796597741733952,
        "median": 0.8613166809082031
      },
      "ntus": {
        "mean": 0.9874302170109874,
        "std": 0.023235755348029,
        "median": 0.9927587700133529
      },
      "fgas": {
        "mean": 0.0926246120505137,
        "std": 0.0331416147985482,
        "median": 0.09033203125
      }
    },
    "hallucinated": {
      "count": 27,
      "tus": {
        "mean": 0.8028455663610388,
        "std": 0.07526110886383958,
        "median": 0.8220252990722656
      },
      "ntus": {
        "mean": 0.9797018824074215,
        "std": 0.039055898369121496,
        "median": 0.9907624285983969
      },
      "fgas": {
        "mean": 0.0987209743923611,
        "std": 0.026462645519997278,
        "median": 0.09228515625
      }
    },
    "statistical_tests": {
      "tus_t_test": {
        "t_statistic": 1.5028036331967807,
        "p_value": 0.13610534637929947
      },
      "ntus_t_test": {
        "t_statistic": 1.1964137624873037,
        "p_value": 0.2344216349846965
      },
      "fgas_t_test": {
        "t_statistic": -0.851170134115145,
        "p_value": 0.3967498857658154
      }
    },
    "effect_sizes": {
      "tus_cohens_d": 0.3418481165224473,
      "ntus_cohens_d": 0.273007695148896,
      "fgas_cohens_d": -0.19348660962952238
    }
  },
  "plots": {
    "kde_plot": "experiment_records/rq1_20250623_194543/rq1_kde_distributions.png",
    "box_plot": "experiment_records/rq1_20250623_194543/rq1_boxplots.png",
    "bar_plot": "experiment_records/rq1_20250623_194543/rq1_mean_comparison.png",
    "scatter_plot": "experiment_records/rq1_20250623_194543/rq1_scatter_tus_fgas.png"
  },
  "timestamp": "2025-06-23 19:45:45"
}